doc_id,sec_code,period_end,person_key,name_en,consolidated_pay_yen,voluntary_below_100m,on_board_at_filing
S100Y7XO,6058,2026-02-28,nishie-keiji,Nishie Keiji,163000000,0,1
S100Y7XO,6058,2026-02-28,kiryu-saori,Kiryu Saori,126000000,0,1
S100Y8UO,7236,2026-03-31,miyazaki-tomio,Miyazaki Tomio,120000000,0,1
S100Y90T,7741,2026-03-31,ikeda-eiichiro,Ikeda Eiichiro,562000000,0,1
S100Y90T,7741,2026-03-31,hirooka-ryo,Hirooka Ryo,299000000,0,1
S100Y90T,7741,2026-03-31,augustine-yee,Augustine Yee,222000000,0,0
S100Y935,8061,2026-03-31,sakurai-akihiko,Sakurai Akihiko,136000000,0,1
S100Y9EI,2768,2026-03-31,fujimoto-masayoshi,Fujimoto Masayoshi,201000000,0,1
S100Y9EI,2768,2026-03-31,uemura-kosuke,Uemura Kosuke,227000000,0,1
S100Y8NY,7203,2026-03-31,toyoda-akio,Toyoda Akio,2113000000,0,1
S100Y8NY,7203,2026-03-31,sato-koji,Sato Koji,803000000,0,1
S100Y8NY,7203,2026-03-31,nakajima-hiroki,Nakajima Hiroki,476000000,0,1
S100Y8NY,7203,2026-03-31,miyazaki-yoichi,Miyazaki Yoichi,481000000,0,1
S100Y9P7,9143,2026-03-31,kuriwada-eiichi,Kuriwada Eiichi,348000000,0,1
S100Y9P7,9143,2026-03-31,matsumoto-hidekazu,Matsumoto Hidekazu,148000000,0,1
S100Y9UW,2664,2026-03-15,kawachi-shinji,Kawachi Shinji,122000000,0,1
S100Y9T1,6902,2026-03-31,arima-koji,Arima Koji,243000000,0,1
S100Y9T1,6902,2026-03-31,hayashi-shinnosuke,Hayashi Shinnosuke,310000000,0,1
S100Y9T1,6902,2026-03-31,matsui-yasushi,Matsui Yasushi,158000000,0,1
S100Y9T1,6902,2026-03-31,yamazaki-yasuhiko,Yamazaki Yasuhiko,158000000,0,1
S100YA84,8697,2026-03-31,yamaji-hiromi,Yamaji Hiromi,199000000,0,1
S100YA84,8697,2026-03-31,iwanaga-moriyuki,Iwanaga Moriyuki,156000000,0,0
S100YA84,8697,2026-03-31,yokoyama-ryusuke,Yokoyama Ryusuke,122000000,0,0
S100YA84,8697,2026-03-31,futagi-satoshi,Futagi Satoshi,121000000,0,0
S100YA84,8697,2026-03-31,konuma-yasuyuki,Konuma Yasuyuki,114000000,0,0
S100YARY,4373,2026-03-31,kaneko-hideki,Kaneko Hideki,255000000,0,1
S100YARY,4373,2026-03-31,sukema-kozo,Sukema Kozo,185000000,0,1
S100YARY,4373,2026-03-31,soda-masataka,Soda Masataka,185000000,0,1
S100YARY,4373,2026-03-31,enosawa-keisuke,Enosawa Keisuke,100000000,0,1
S100Y992,2802,2026-03-31,nakamura-shigeo,Nakamura Shigeo,183000000,0,1
S100Y992,2802,2026-03-31,sakakura-ichiro,Sakakura Ichiro,112000000,0,0
S100Y992,2802,2026-03-31,kira-ikuo,Kira Ikuo,103000000,0,0
S100Y992,2802,2026-03-31,lish-michael,Lish Michael,146000000,0,0
S100Y9RT,5831,2026-03-31,nakanishi-katsunori,Nakanishi Katsunori,143000000,0,1
S100Y9RT,5831,2026-03-31,shibata-hisashi,Shibata Hisashi,143000000,0,1
S100Y9RT,5831,2026-03-31,yagi-minoru,Yagi Minoru,131000000,0,1
S100YA6H,8001,2026-03-31,okafuji-masahiro,Okafuji Masahiro,1984000000,0,1
S100YA6H,8001,2026-03-31,ishii-keita,Ishii Keita,1078000000,0,1
S100YA6H,8001,2026-03-31,kobayashi-fumihiko,Kobayashi Fumihiko,752000000,0,0
S100YA6H,8001,2026-03-31,hachimura-tsuyoshi,Hachimura Tsuyoshi,743000000,0,0
S100YA6H,8001,2026-03-31,tsubai-hiroyuki,Tsubai Hiroyuki,823000000,0,1
S100YA6H,8001,2026-03-31,naka-hiroyuki,Naka Hiroyuki,257000000,0,1
S100YARD,8053,2026-03-31,hyodo-masayuki,Hyodo Masayuki,245000000,0,1
S100YARD,8053,2026-03-31,nambu-toshikazu,Nambu Toshikazu,181000000,0,1
S100YARD,8053,2026-03-31,ueno-shingo,Ueno Shingo,379000000,0,1
S100YARD,8053,2026-03-31,seishima-takayuki,Seishima Takayuki,198000000,0,1
S100YARD,8053,2026-03-31,morooka-reiji,Morooka Reiji,196000000,0,1
S100YATA,6035,2026-03-31,terashita-shirou,Terashita Shirou,117000000,0,1
S100YAVT,8031,2026-03-31,yasunaga-tatsuo,Yasunaga Tatsuo,538000000,0,1
S100YAVT,8031,2026-03-31,hori-kenichi,Hori Kenichi,762000000,0,1
S100YAVT,8031,2026-03-31,takemasu-yoshiaki,Takemasu Yoshiaki,346000000,0,1
S100YAVT,8031,2026-03-31,shigeta-tetsuya,Shigeta Tetsuya,345000000,0,1
S100YAVT,8031,2026-03-31,nakai-kazumasa,Nakai Kazumasa,271000000,0,1
S100YAVT,8031,2026-03-31,fukuda-tetsuya,Fukuda Tetsuya,261000000,0,1
S100YAWO,7259,2026-03-31,yoshida-moritaka,Yoshida Moritaka,277000000,0,1
S100YAWO,7259,2026-03-31,ito-shintaro,Ito Shintaro,102000000,0,1
S100YAY4,8002,2026-03-31,kakinoki-masumi,Kakinoki Masumi,581000000,0,1
S100YAY4,8002,2026-03-31,omoto-masayuki,Omoto Masayuki,415000000,0,1
S100YAY4,8002,2026-03-31,oikawa-kenichiro,Oikawa Kenichiro,188000000,0,1
S100YAY4,8002,2026-03-31,furuya-takayuki,Furuya Takayuki,281000000,0,1
S100YAY4,8002,2026-03-31,kokubu-fumiya,Kokubu Fumiya,179000000,0,0
S100YAY4,8002,2026-03-31,terakawa-akira,Terakawa Akira,116000000,0,0
S100YAYL,9064,2026-03-31,nagao-yutaka,Nagao Yutaka,150000000,0,1
S100YAZQ,8131,2026-03-31,tajima-kohei,Tajima Kohei,108000000,0,1
S100YB05,4523,2026-03-31,naito-haruo,Naito Haruo,235000000,0,1
S100YB05,4523,2026-03-31,naito-keisuke,Naito Keisuke,116000000,0,0
S100YB05,4523,2026-03-31,iike-terushige,Iike Terushige,113000000,0,0
S100YB05,4523,2026-03-31,gary-hendler,Gary Hendler,560000000,0,0
S100YB05,4523,2026-03-31,yanhui-feng,Yanhui Feng,202000000,0,0
S100YB05,4523,2026-03-31,lynn-kramer,Lynn Kramer,310000000,0,0
S100YB11,5344,2026-03-31,kambe-toshiro,Kambe Toshiro,109000000,0,1
S100YB25,8058,2026-03-31,kakiuchi-takehiko,Kakiuchi Takehiko,335000000,0,1
S100YB25,8058,2026-03-31,nakanishi-katsuya,Nakanishi Katsuya,1006000000,0,1
S100YB25,8058,2026-03-31,tsukamoto-kotaro,Tsukamoto Kotaro,351000000,0,1
S100YB25,8058,2026-03-31,kashiwagi-yutaka,Kashiwagi Yutaka,266000000,0,1
S100YB25,8058,2026-03-31,nouchi-yuzo,Nouchi Yuzo,266000000,0,1
S100YB25,8058,2026-03-31,nojima-yoshiyuki,Nojima Yoshiyuki,266000000,0,1
S100YB93,4902,2026-03-31,taiko-toshimitsu,Taiko Toshimitsu,144000000,0,1
S100YBAY,4204,2026-03-31,kato-keita,Kato Keita,164000000,0,1
S100YBAY,4204,2026-03-31,shimizu-ikusuke,Shimizu Ikusuke,116000000,0,1
S100YBAY,4204,2026-03-31,kouge-teiji,Kouge Teiji,121000000,0,1
S100YBAY,4204,2026-03-31,hirai-yoshiyuki,Hirai Yoshiyuki,101000000,0,1
S100YBAY,4204,2026-03-31,yoshida-masahide,Yoshida Masahide,106000000,0,1
S100YA20,4528,2026-03-31,sagara-gyo,Sagara Gyo,260000000,0,1
S100YA20,4528,2026-03-31,takino-toichi,Takino Toichi,185000000,0,1
S100YA20,4528,2026-03-31,tsujinaka-toshihiro,Tsujinaka Toshihiro,129000000,0,1
S100YAHE,6861,2026-03-20,nakata-yu,Nakata Yu,182000000,0,1
S100YAST,6590,2026-03-31,imamura-keigo,Imamura Keigo,116000000,0,1
S100YB46,4544,2026-03-31,takeuchi-shigekazu,Takeuchi Shigekazu,256000000,0,1
S100YB9P,4091,2026-03-31,hamada-toshihiko,Hamada Toshihiko,109000000,0,1
S100YB9P,4091,2026-03-31,thomas-scott-kallman,Thomas Scott Kallman,246000000,0,0
S100YB9P,4091,2026-03-31,raoul-giudici,Raoul Giudici,160000000,0,1
S100YBCU,4401,2026-03-31,shirozume-hidetaka,Shirozume Hidetaka,110000000,0,1
S100YBFP,5857,2026-03-31,higashiura-tomoya,Higashiura Tomoya,147000000,0,1
S100YBKB,5930,2026-03-31,shiozaki-toshihiko,Shiozaki Toshihiko,107000000,0,1
S100YBKB,5930,2026-03-31,ogura-hiroyuki,Ogura Hiroyuki,101000000,0,1
S100YBM8,4307,2026-03-31,konomoto-shingo,Konomoto Shingo,182000000,0,1
S100YBM8,4307,2026-03-31,yanagisawa-kaga,Yanagisawa Kaga,183000000,0,1
S100YBM8,4307,2026-03-31,ebato-ken,Ebato Ken,146000000,0,1
S100YBM8,4307,2026-03-31,sagano-fumihiko,Sagano Fumihiko,128000000,0,1
S100YA8B,8130,2026-03-31,kondo-yasumasa,Kondo Yasumasa,100000000,0,1
S100YB3N,9962,2026-03-31,nishimoto-kosuke,Nishimoto Kosuke,246000000,0,1
S100YB3N,9962,2026-03-31,ono-ryusei,Ono Ryusei,294000000,0,1
S100YB3N,9962,2026-03-31,shimizu-arata,Shimizu Arata,121000000,0,1
S100YBEM,8088,2026-03-31,makino-akiji,Makino Akiji,383000000,0,1
S100YBEM,8088,2026-03-31,watanabe-toshio,Watanabe Toshio,255000000,0,1
S100YBEM,8088,2026-03-31,majima-hiroshi,Majima Hiroshi,234000000,0,1
S100YBEM,8088,2026-03-31,hirota-hirozumi,Hirota Hirozumi,105000000,0,1
S100YBFF,7752,2026-03-31,oyama-akira,Oyama Akira,181000000,0,1
S100YBGF,1801,2026-03-31,tanaka-shigeyoshi,Tanaka Shigeyoshi,183000000,0,1
S100YBGF,1801,2026-03-31,aikawa-yoshiro,Aikawa Yoshiro,204000000,0,1
S100YBGF,1801,2026-03-31,okada-masahiko,Okada Masahiko,131000000,0,1
S100YBLG,4626,2026-03-31,saito-hitoshi,Saito Hitoshi,347000000,0,1
S100YBPK,4503,2026-03-31,yasukawa-kenji,Yasukawa Kenji,526000000,0,1
S100YBPK,4503,2026-03-31,okamura-naoki,Okamura Naoki,733000000,0,1
S100YBPK,4503,2026-03-31,sugita-katsuyoshi,Sugita Katsuyoshi,295000000,0,1
S100YBQC,2767,2026-03-31,yamamoto-hidetoshi,Yamamoto Hidetoshi,115000000,0,1
S100YBQC,2767,2026-03-31,yoshida-ei,Yoshida Ei,136000000,0,1
S100YBSD,9551,2026-03-31,yamaguchi-kenji,Yamaguchi Kenji,111000000,0,1
S100YBT6,9101,2026-03-31,nagasawa-hitoshi,Nagasawa Hitoshi,154000000,0,1
S100YBT6,9101,2026-03-31,soga-takaya,Soga Takaya,177000000,0,1
S100YBT6,9101,2026-03-31,kono-akira,Kono Akira,114000000,0,1
S100YBTV,8012,2026-03-31,ueshima-hiroyuki,Ueshima Hiroyuki,146000000,0,1
S100YBV4,2760,2026-03-31,tokushige-atsushi,Tokushige Atsushi,119000000,0,1
S100YBWO,9221,2026-03-31,yamaguchi-naohiko,Yamaguchi Naohiko,102086000,0,1
S100YBXE,7832,2026-03-31,kawaguchi-masaru,Kawaguchi Masaru,313000000,0,1
S100YBXE,7832,2026-03-31,asako-yuji,Asako Yuji,391000000,0,1
S100YBXE,7832,2026-03-31,momoi-nobuhiko,Momoi Nobuhiko,313000000,0,1
S100YBXE,7832,2026-03-31,tsuji-takashi,Tsuji Takashi,117000000,0,1
S100YBXE,7832,2026-03-31,fujita-noriko,Fujita Noriko,117000000,0,1
S100YBXE,7832,2026-03-31,takenaka-kazuhiro,Takenaka Kazuhiro,314000000,0,1
S100YBXE,7832,2026-03-31,udagawa-nao,Udagawa Nao,276000000,0,1
S100YBXE,7832,2026-03-31,asanuma-makoto,Asanuma Makoto,201000000,0,1
S100YBXE,7832,2026-03-31,kawasaki-hiroshi,Kawasaki Hiroshi,186000000,0,1
S100YC07,4956,2026-03-31,yokota-takashi,Yokota Takashi,125000000,0,1
S100YC0N,2876,2026-03-31,okawara-yasushi,Okawara Yasushi,101475000,0,0
S100YC38,7995,2026-03-31,takisawa-toshikazu,Takisawa Toshikazu,172000000,0,1
S100YC6I,6146,2026-03-31,sekiya-kazuma,Sekiya Kazuma,565000000,0,1
S100YC6I,6146,2026-03-31,yoshinaga-noboru,Yoshinaga Noboru,410000000,0,1
S100YC6I,6146,2026-03-31,tamura-takao,Tamura Takao,197000000,0,1
S100YC6I,6146,2026-03-31,abe-naoki,Abe Naoki,217000000,0,0
S100YC6I,6146,2026-03-31,nishimura-yutaka,Nishimura Yutaka,147000000,0,0
S100YC72,5332,2026-03-31,kiyota-noriaki,Kiyota Noriaki,175000000,0,1
S100YC72,5332,2026-03-31,tamura-shinya,Tamura Shinya,172000000,0,1
S100YC72,5332,2026-03-31,hayashi-ryosuke,Hayashi Ryosuke,104000000,0,1
S100YC72,5332,2026-03-31,taguchi-tomoyuki,Taguchi Tomoyuki,103000000,0,1
S100YC7A,8750,2026-03-31,kikuta-tetsuya,Kikuta Tetsuya,330000000,0,1
S100YC7A,8750,2026-03-31,sumino-toshiaki,Sumino Toshiaki,169000000,0,1
S100YC7A,8750,2026-03-31,yamaguchi-hitoshi,Yamaguchi Hitoshi,123000000,0,1
S100YCDE,8253,2026-03-31,m-o-r-i-k-o-u-s-u-k-e,M O R I K O U S U K E,114000000,0,1
S100YCGC,8704,2026-03-31,kanamaru-takayuki,Kanamaru Takayuki,265000000,0,1
S100YCGO,9697,2026-03-31,tsujimoto-kenzo,Tsujimoto Kenzo,460000000,0,1
S100YCGO,9697,2026-03-31,tsujimoto-haruhiro,Tsujimoto Haruhiro,345000000,0,1
S100YCGO,9697,2026-03-31,miyazaki-satoshi,Miyazaki Satoshi,284000000,0,1
S100YCGO,9697,2026-03-31,tsujimoto-ryozo,Tsujimoto Ryozo,180000000,0,1
S100YCGO,9697,2026-03-31,ishida-yoshinori,Ishida Yoshinori,138000000,0,1
S100YCGO,9697,2026-03-31,sasahara-yoshinobu,Sasahara Yoshinobu,116000000,0,1
S100YCHI,7276,2025-03-31,otake-masahiro,Otake Masahiro,181000000,0,1
S100YCHI,7276,2025-03-31,kato-michiaki,Kato Michiaki,160000000,0,1
S100YCHI,7276,2025-03-31,uchiyama-masami,Uchiyama Masami,102000000,0,1
S100YCHR,7276,2023-03-31,otake-masahiro,Otake Masahiro,178000000,0,1
S100YCHR,7276,2023-03-31,kato-michiaki,Kato Michiaki,138000000,0,1
S100YCI5,7276,2024-03-31,otake-masahiro,Otake Masahiro,177000000,0,1
S100YCI5,7276,2024-03-31,kato-michiaki,Kato Michiaki,147000000,0,1
S100YCIP,5076,2026-03-31,kibe-kazunari,Kibe Kazunari,309000000,0,1
S100YCIP,5076,2026-03-31,nakanishi-takao,Nakanishi Takao,190000000,0,0
S100YCIP,5076,2026-03-31,hatakama-yuji,Hatakama Yuji,190000000,0,0
S100YCIP,5076,2026-03-31,shimojo-makoto,Shimojo Makoto,111000000,0,0
S100YCIP,5076,2026-03-31,maeda-soji,Maeda Soji,280000000,0,0
S100YCIP,5076,2026-03-31,imaizumi-yasuhiko,Imaizumi Yasuhiko,170000000,0,0
S100YCMC,7211,2026-03-31,kato-takao,Kato Takao,113000000,0,1
S100YCP3,9432,2026-03-31,sawada-jun,Sawada Jun,119000000,0,1
S100YCP3,9432,2026-03-31,shimada-akira,Shimada Akira,167000000,0,1
S100YAZ5,1925,2026-03-31,yoshii-keiichi,Yoshii Keiichi,657000000,0,1
S100YAZ5,1925,2026-03-31,otomo-hirotsugu,Otomo Hirotsugu,412000000,0,1
S100YAZ5,1925,2026-03-31,kosokabe-takeshi,Kosokabe Takeshi,282000000,0,1
S100YAZ5,1925,2026-03-31,murata-yoshiyuki,Murata Yoshiyuki,282000000,0,1
S100YAZ5,1925,2026-03-31,shimonishi-keisuke,Shimonishi Keisuke,234000000,0,1
S100YAZ5,1925,2026-03-31,nagase-toshiya,Nagase Toshiya,173000000,0,1
S100YAZ5,1925,2026-03-31,shibata-eiichi,Shibata Eiichi,127000000,0,1
S100YB5L,4502,2026-03-31,christophe-weber,Christophe Weber,2315000000,0,1
S100YB5L,4502,2026-03-31,andrew-plump,Andrew Plump,1255000000,0,1
S100YB5L,4502,2026-03-31,furuta-milano,Furuta Milano,384000000,0,1
S100YB5L,4502,2026-03-31,iijima-masami,Iijima Masami,43000000,1,1
S100YB5L,4502,2026-03-31,ian-clark,Ian Clark,53000000,1,1
S100YB5L,4502,2026-03-31,steven-gillis,Steven Gillis,53000000,1,1
S100YB5L,4502,2026-03-31,higashi-emiko,Higashi Emiko,53000000,1,1
S100YB5L,4502,2026-03-31,john-maraganore,John Maraganore,45000000,1,1
S100YB5L,4502,2026-03-31,michel-orsinger,Michel Orsinger,61000000,1,1
S100YB5L,4502,2026-03-31,tsusaka-miki,Tsusaka Miki,38000000,1,1
S100YB5L,4502,2026-03-31,hatsukawa-koji,Hatsukawa Koji,43000000,1,1
S100YB5L,4502,2026-03-31,jean-luc-butel,Jean Luc Butel,56000000,1,1
S100YB5L,4502,2026-03-31,fujimori-yoshiaki,Fujimori Yoshiaki,40000000,1,1
S100YB5L,4502,2026-03-31,kimberly-reed,Kimberly Reed,48000000,1,1
S100YBGM,8309,2026-03-31,takakura-toru,Takakura Toru,174000000,0,1
S100YBGM,8309,2026-03-31,sato-masakatsu,Sato Masakatsu,63000000,1,1
S100YBGM,8309,2026-03-31,ohkubo-tetsuo,Ohkubo Tetsuo,127000000,0,1
S100YBGM,8309,2026-03-31,oyama-kazuya,Oyama Kazuya,157000000,0,0
S100YBGN,2371,2026-03-31,murakami-atsuhiro,Murakami Atsuhiro,147000000,0,1
S100YBO0,4202,2026-03-31,sakaki-yasuhiro,Sakaki Yasuhiro,101000000,0,1
S100YBUN,8737,2026-03-31,shimane-hideaki,Shimane Hideaki,196015000,0,1
S100YBUN,8737,2026-03-31,kudo-hideto,Kudo Hideto,163419000,0,1
S100YBV8,1518,2026-03-31,kushima-shinichiro,Kushima Shinichiro,109000000,0,1
S100YBV8,1518,2026-03-31,yoshioka-taishi,Yoshioka Taishi,109000000,0,1
S100YC23,7282,2026-03-31,saito-katsumi,Saito Katsumi,101000000,0,1
S100YC6Z,8630,2026-03-31,okumura-mikio,Okumura Mikio,356000000,0,1
S100YC6Z,8630,2026-03-31,hamada-masahiro,Hamada Masahiro,141000000,0,1
S100YC6Z,8630,2026-03-31,hara-shinichi,Hara Shinichi,124000000,0,1
S100YC6Z,8630,2026-03-31,narasaki-koichi,Narasaki Koichi,144000000,0,0
S100YCAR,6988,2026-03-31,takasaki-hideo,Takasaki Hideo,349000000,0,1
S100YCAR,6988,2026-03-31,akagi-tatsuya,Akagi Tatsuya,125000000,0,1
S100YCAR,6988,2026-03-31,miki-yosuke,Miki Yosuke,156000000,0,1
S100YCAR,6988,2026-03-31,iseyama-yasuhiro,Iseyama Yasuhiro,156000000,0,1
S100YCAR,6988,2026-03-31,ohwaki-yasuhito,Ohwaki Yasuhito,156000000,0,1
S100YCBL,9042,2026-03-31,shimada-yasuo,Shimada Yasuo,99000000,1,1
S100YCEQ,6516,2026-03-31,yamamoto-shigeo,Yamamoto Shigeo,140000000,0,1
S100YCEQ,6516,2026-03-31,kodama-nobumasa,Kodama Nobumasa,101000000,0,1
S100YCH4,7552,2026-03-31,note-kazuhiko,Note Kazuhiko,179000000,0,1
S100YCH4,7552,2026-03-31,enomoto-seiichi,Enomoto Seiichi,108000000,0,1
S100YCH4,7552,2026-03-31,mizutani-toshiyuki,Mizutani Toshiyuki,165000000,0,1
S100YCH9,7823,2026-03-31,igarashi-yoshikata,Igarashi Yoshikata,172000000,0,1
S100YCK1,1333,2026-03-31,ikemi-masaru,Ikemi Masaru,101000000,0,1
S100YCL0,8729,2026-03-31,endo-toshihide,Endo Toshihide,93000000,1,1
S100YCML,8595,2025-03-31,miyoshi-keisuke,Miyoshi Keisuke,109000000,0,1
S100YCMP,8601,2026-03-31,nakata-seiji,Nakata Seiji,347000000,0,1
S100YCMP,8601,2026-03-31,ogino-akihiko,Ogino Akihiko,489000000,0,1
S100YCMP,8601,2026-03-31,niizuma-shinsuke,Niizuma Shinsuke,284000000,0,1
S100YCMP,8601,2026-03-31,tashiro-keiko,Tashiro Keiko,204000000,0,1
S100YCMP,8601,2026-03-31,murase-tomoyuki,Murase Tomoyuki,203000000,0,0
S100YCMP,8601,2026-03-31,sato-eiji,Sato Eiji,165000000,0,1
S100YCMP,8601,2026-03-31,sakurai-hiroko,Sakurai Hiroko,165000000,0,1
S100YCMP,8601,2026-03-31,serizawa-junichi,Serizawa Junichi,164000000,0,0
S100YCMP,8601,2026-03-31,kobayashi-tsutomu,Kobayashi Tsutomu,164000000,0,0
S100YCMP,8601,2026-03-31,yoshida-kotaro,Yoshida Kotaro,123000000,0,0
S100YCOQ,8595,2026-03-31,fuki-shinichi,Fuki Shinichi,108000000,0,1
S100YCOQ,8595,2026-03-31,miyoshi-keisuke,Miyoshi Keisuke,114000000,0,1
S100YCPQ,1979,2026-03-31,osada-masashi,Osada Masashi,226000000,0,1
S100YCPQ,1979,2026-03-31,nakajima-yasushi,Nakajima Yasushi,192000000,0,1
S100YCPQ,1979,2026-03-31,nakagawa-masanori,Nakagawa Masanori,172000000,0,1
S100YCPQ,1979,2026-03-31,hamanaka-yukinori,Hamanaka Yukinori,132000000,0,1
S100YCPQ,1979,2026-03-31,sobue-tadashi,Sobue Tadashi,137000000,0,1
S100YCRO,8304,2026-03-31,oomi-hideto,Oomi Hideto,103000000,0,1
S100YCS3,5019,2026-03-31,kito-shunichi,Kito Shunichi,156000000,0,1
S100YCS3,5019,2026-03-31,sakai-noriaki,Sakai Noriaki,143000000,0,1
S100YCTQ,7906,2026-03-31,yoneyama-alyssa,Yoneyama Alyssa,129000000,0,1
S100YCTQ,7906,2026-03-31,yoneyama-tsutomu,Yoneyama Tsutomu,116000000,0,0
S100YCU8,8871,2026-03-31,yasukawa-hidetoshi,Yasukawa Hidetoshi,212000000,0,1
S100YCV6,3036,2026-03-31,teshirogi-hiroshi,Teshirogi Hiroshi,105000000,0,1
S100YD2Y,6762,2026-03-31,saito-noboru,Saito Noboru,346000000,0,1
S100YD2Y,6762,2026-03-31,yamanishi-tetsuji,Yamanishi Tetsuji,181000000,0,1
S100YD3K,6460,2026-03-31,satomi-hajime,Satomi Hajime,179000000,0,1
S100YD3K,6460,2026-03-31,satomi-haruki,Satomi Haruki,198000000,0,1
S100YD3K,6460,2026-03-31,hoshino-ayumu,Hoshino Ayumu,111000000,0,1
S100YD4O,5991,2026-03-31,kayamoto-takashi,Kayamoto Takashi,138000000,0,1
S100YD4O,5991,2026-03-31,uemura-kazuhisa,Uemura Kazuhisa,135000000,0,1
S100YD5L,5938,2026-03-31,seto-kinya,Seto Kinya,518000000,0,1
S100YD5L,5938,2026-03-31,hwa-jin-song-montesano,Hwa Jin Song Montesano,383000000,0,1
S100YD5L,5938,2026-03-31,kanazawa-yugo,Kanazawa Yugo,124000000,0,0
S100YD5L,5938,2026-03-31,yoshida-satoshi,Yoshida Satoshi,119000000,0,0
S100YD5L,5938,2026-03-31,onishi-hiroyuki,Onishi Hiroyuki,107000000,0,0
S100YD5L,5938,2026-03-31,hanseul-kim,Hanseul Kim,162000000,0,0
S100YD5L,5938,2026-03-31,bijoy-mohan,Bijoy Mohan,447000000,0,0
S100YD7C,3099,2026-03-31,hosoya-toshiyuki,Hosoya Toshiyuki,202000000,0,1
S100YD7J,7741,2026-03-31,ikeda-eiichiro,Ikeda Eiichiro,562000000,0,1
S100YD7J,7741,2026-03-31,hirooka-ryo,Hirooka Ryo,299000000,0,1
S100YD7J,7741,2026-03-31,augustine-yee,Augustine Yee,222000000,0,0
S100Y9G1,7182,2026-03-31,kasama-takayuki,Kasama Takayuki,115000000,0,1
S100YAAB,9031,2026-03-31,hayashida-koichi,Hayashida Koichi,101000000,0,1
S100YBFV,6701,2026-03-31,niino-takashi,Niino Takashi,286000000,0,1
S100YBFV,6701,2026-03-31,morita-takayuki,Morita Takayuki,485000000,0,1
S100YBFV,6701,2026-03-31,yamashina-masakazu,Yamashina Masakazu,157000000,0,0
S100YBFV,6701,2026-03-31,sakai-kazuhiro,Sakai Kazuhiro,155000000,0,0
S100YBFV,6701,2026-03-31,yoshizaki-toshifumi,Yoshizaki Toshifumi,150000000,0,0
S100YBFV,6701,2026-03-31,tanaka-shigehiro,Tanaka Shigehiro,145000000,0,0
S100YBFV,6701,2026-03-31,nishihara-motoo,Nishihara Motoo,118000000,0,0
S100YBFV,6701,2026-03-31,fujikawa-osamu,Fujikawa Osamu,114000000,0,0
S100YBFV,6701,2026-03-31,amemiya-kunikazu,Amemiya Kunikazu,114000000,0,0
S100YBFV,6701,2026-03-31,kodama-hiroshi,Kodama Hiroshi,111000000,0,0
S100YBFV,6701,2026-03-31,horikawa-daisuke,Horikawa Daisuke,108000000,0,0
S100YBFV,6701,2026-03-31,hashimoto-hiroshi,Hashimoto Hiroshi,106000000,0,0
S100YBFV,6701,2026-03-31,kiuchi-michio,Kiuchi Michio,106000000,0,0
S100YBFV,6701,2026-03-31,nagano-hiroyuki,Nagano Hiroyuki,105000000,0,0
S100YBU3,9424,2026-03-31,frank-seiji-sanda,Frank Seiji Sanda,454997000,0,1
S100YBU3,9424,2026-03-31,fukuda-naohisa,Fukuda Naohisa,283736000,0,1
S100YC4B,4062,2026-03-31,aoki-takeshi,Aoki Takeshi,155000000,0,1
S100YC4B,4062,2026-03-31,kawashima-koji,Kawashima Koji,151000000,0,1
S100YC6B,9107,2026-03-31,takenori-igarashi,Takenori Igarashi,295000000,0,1
S100YC6B,9107,2026-03-31,yutaka-akutagawa,Yutaka Akutagawa,122000000,0,0
S100YCDA,5406,2026-03-31,katsukawa-yoshihiko,Katsukawa Yoshihiko,148000000,0,1
S100YCMK,3401,2026-03-31,uchikawa-akimoto,Uchikawa Akimoto,170000000,0,1
S100YCMK,3401,2026-03-31,moriyama-naohiko,Moriyama Naohiko,117000000,0,1
S100YCMK,3401,2026-03-31,nakahara-yuji,Nakahara Yuji,119000000,0,1
S100YCV0,5741,2026-03-31,tanaka-shinji,Tanaka Shinji,166000000,0,1
S100YD1I,3088,2026-03-31,matsumoto-namio,Matsumoto Namio,315000000,0,1
S100YD1I,3088,2026-03-31,matsumoto-kiyoo,Matsumoto Kiyoo,206000000,0,1
S100YD1I,3088,2026-03-31,tsukamoto-atsushi,Tsukamoto Atsushi,100000000,0,1
S100YD1I,3088,2026-03-31,matsumoto-takashi,Matsumoto Takashi,108000000,0,1
S100YD25,6301,2026-03-31,imayoshi-takuya,Imayoshi Takuya,383000000,0,1
S100YD25,6301,2026-03-31,ogawa-hiroyuki,Ogawa Hiroyuki,345000000,0,1
S100YD25,6301,2026-03-31,horikoshi-takeshi,Horikoshi Takeshi,162000000,0,1
S100YD25,6301,2026-03-31,yokomoto-mitsuko,Yokomoto Mitsuko,130000000,0,1
S100YD25,6301,2026-03-31,kusaba-taisuke,Kusaba Taisuke,119000000,0,1
S100YD49,4733,2026-03-31,wada-shigefumi,Wada Shigefumi,121170000,0,1
S100YD49,4733,2026-03-31,wada-hiroko,Wada Hiroko,105560000,0,1
S100YD8J,8015,2026-03-31,murakami-nobuhiko,Murakami Nobuhiko,231000000,0,1
S100YD8J,8015,2026-03-31,kashitani-ichiro,Kashitani Ichiro,209000000,0,1
S100YD8J,8015,2026-03-31,imai-toshimitsu,Imai Toshimitsu,269000000,0,1
S100YD8J,8015,2026-03-31,iwamoto-hideyuki,Iwamoto Hideyuki,129000000,0,1
S100YD8J,8015,2026-03-31,watanuki-tatsuya,Watanuki Tatsuya,121000000,0,1
S100YDBM,3110,2026-03-31,tsuji-yuichi,Tsuji Yuichi,104000000,0,1
S100YDBM,3110,2026-03-31,tada-hiroyuki,Tada Hiroyuki,104000000,0,1
S100YDD9,7267,2026-03-31,mibe-toshihiro,Mibe Toshihiro,173000000,0,1
S100YDD9,7267,2026-03-31,kaibara-noriya,Kaibara Noriya,145000000,0,1
S100YDD9,7267,2026-03-31,igarashi-masayuki,Igarashi Masayuki,123000000,0,0
S100YDE9,6208,2026-03-31,konagaya-ikunori,Konagaya Ikunori,117436000,0,1
S100YDH1,4536,2026-03-31,ito-takeshi,Ito Takeshi,251000000,0,1
S100YDH1,4536,2026-03-31,nakajima-rie,Nakajima Rie,159000000,0,1
S100YDJC,1801,2026-03-31,tanaka-shigeyoshi,Tanaka Shigeyoshi,183000000,0,1
S100YDJC,1801,2026-03-31,aikawa-yoshiro,Aikawa Yoshiro,204000000,0,1
S100YDJC,1801,2026-03-31,okada-masahiko,Okada Masahiko,131000000,0,1
S100YDK3,8058,2026-03-31,kakiuchi-takehiko,Kakiuchi Takehiko,335000000,0,1
S100YDK3,8058,2026-03-31,nakanishi-katsuya,Nakanishi Katsuya,1006000000,0,1
S100YDK3,8058,2026-03-31,tsukamoto-kotaro,Tsukamoto Kotaro,351000000,0,1
S100YDK3,8058,2026-03-31,kashiwagi-yutaka,Kashiwagi Yutaka,266000000,0,1
S100YDK3,8058,2026-03-31,nouchi-yuzo,Nouchi Yuzo,266000000,0,1
S100YDK3,8058,2026-03-31,nojima-yoshiyuki,Nojima Yoshiyuki,266000000,0,1
S100YDN3,7733,2026-03-31,takeuchi-yasuo,Takeuchi Yasuo,387000000,0,1
S100YDN3,7733,2026-03-31,robert-john-white,Robert John White,731000000,0,1
S100YDN3,7733,2026-03-31,john-manfred-de-csepel,John Manfred De Csepel,291000000,0,0
S100YDN3,7733,2026-03-31,frank-drewalowski,Frank Drewalowski,994000000,0,0
S100YDN3,7733,2026-03-31,izumi-tatsuya,Izumi Tatsuya,122000000,0,0
S100YDN3,7733,2026-03-31,gabriela-castillo-kaynor,Gabriela Castillo Kaynor,264000000,0,0
S100YDN3,7733,2026-03-31,kobayashi-tetsuo,Kobayashi Tetsuo,130000000,0,0
S100YDN3,7733,2026-03-31,syed-mukarram-naveed,Syed Mukarram Naveed,302000000,0,0
S100YDN3,7733,2026-03-31,ohtsuki-shigeto,Ohtsuki Shigeto,112000000,0,0
S100YDN3,7733,2026-03-31,boris-shkolnik,Boris Shkolnik,245000000,0,0
S100YDN3,7733,2026-03-31,neil-boyden-tanner,Neil Boyden Tanner,299000000,0,0
S100YDN3,7733,2026-03-31,andre-heribert-roggan,Andre Heribert Roggan,336000000,0,0
S100YDOU,1969,2026-03-31,kojima-kazuhito,Kojima Kazuhito,159000000,0,1
S100YDQN,4337,2026-03-31,yanai-hiroshi,Yanai Hiroshi,149000000,0,1
S100YE2C,6758,2026-03-31,yoshida-kenichiro,Yoshida Kenichiro,204000000,0,1
S100YE2C,6758,2026-03-31,totoki-hiroki,Totoki Hiroki,611000000,0,1
S100YE2C,6758,2026-03-31,mitomo-toshimoto,Mitomo Toshimoto,146000000,0,0
S100YE2C,6758,2026-03-31,kodera-tsuyoshi,Kodera Tsuyoshi,134000000,0,0
S100YE2C,6758,2026-03-31,ito-yasuhiro,Ito Yasuhiro,111000000,0,0
S100YE2C,6758,2026-03-31,tao-lin,Tao Lin,163000000,0,0
S100YE2O,7130,2026-03-31,ouda-hideto,Ouda Hideto,204000000,0,1
S100YE3H,6841,2026-03-31,nara-hitoshi,Nara Hitoshi,130000000,0,1
S100YE3H,6841,2026-03-31,shigeno-kunimasa,Shigeno Kunimasa,132000000,0,1
S100YE6B,9889,2026-03-31,higashiue-seiji,Higashiue Seiji,117000000,0,1
S100YEDS,6652,2026-03-31,funaki-toshiyuki,Funaki Toshiyuki,154000000,0,1
S100Y99Z,7012,2026-03-31,hashimoto-yasuhiko,Hashimoto Yasuhiko,182000000,0,1
S100Y99Z,7012,2026-03-31,kanehana-yoshinori,Kanehana Yoshinori,144000000,0,1
S100Y99Z,7012,2026-03-31,yamamoto-katsuya,Yamamoto Katsuya,111000000,0,1
S100Y99Z,7012,2026-03-31,nakatani-hiroshi,Nakatani Hiroshi,110000000,0,1
S100YBX4,4301,2026-03-31,osato-yokichi,Osato Yokichi,128000000,0,1
S100YCBJ,2267,2026-03-31,narita-hiroshi,Narita Hiroshi,114000000,0,1
S100YCUD,5411,2026-03-31,kitano-yoshihisa,Kitano Yoshihisa,149204000,0,1
S100YCUD,5411,2026-03-31,hirose-masayuki,Hirose Masayuki,133599000,0,1
S100YCXS,2993,2026-03-31,osada-osamu,Osada Osamu,130050000,0,1
S100YD1A,4310,2026-03-31,miyake-takayuki,Miyake Takayuki,119000000,0,1
S100YD3V,6503,2026-03-31,uruma-kei,Uruma Kei,731000000,0,1
S100YD3V,6503,2026-03-31,kaga-kunihiko,Kaga Kunihiko,199000000,0,0
S100YD3V,6503,2026-03-31,takazawa-noriyuki,Takazawa Noriyuki,209000000,0,1
S100YD3V,6503,2026-03-31,kusakabe-satoshi,Kusakabe Satoshi,200000000,0,0
S100YD3V,6503,2026-03-31,takeda-satoshi,Takeda Satoshi,201000000,0,0
S100YD3V,6503,2026-03-31,sato-tomonori,Sato Tomonori,149000000,0,0
S100YD3V,6503,2026-03-31,nakai-yoshikazu,Nakai Yoshikazu,153000000,0,0
S100YD3V,6503,2026-03-31,abe-yasunari,Abe Yasunari,153000000,0,0
S100YD3V,6503,2026-03-31,tazunoki-yasumichi,Tazunoki Yasumichi,142000000,0,0
S100YD3V,6503,2026-03-31,negoro-hideto,Negoro Hideto,142000000,0,0
S100YD3V,6503,2026-03-31,kawaji-shigeki,Kawaji Shigeki,128000000,0,0
S100YD3V,6503,2026-03-31,fujimoto-kenichiro,Fujimoto Kenichiro,142000000,0,1
S100YD4R,4272,2026-03-31,kawamura-shigeyuki,Kawamura Shigeyuki,111000000,0,1
S100YD4Z,6240,2026-03-31,yamazaki-atsuhiko,Yamazaki Atsuhiko,180000000,0,1
S100YDHL,6098,2026-03-31,minegishi-masumi,Minegishi Masumi,304000000,0,1
S100YDHL,6098,2026-03-31,idekoba-hisayuki,Idekoba Hisayuki,1289000000,0,1
S100YDHL,6098,2026-03-31,senaha-ayano,Senaha Ayano,487000000,0,1
S100YDHL,6098,2026-03-31,rony-kahan,Rony Kahan,602000000,0,1
S100YDHL,6098,2026-03-31,izumiya-naoki,Izumiya Naoki,38000000,1,1
S100YDHL,6098,2026-03-31,kodera-tsuyoshi,Kodera Tsuyoshi,30000000,1,1
S100YDHL,6098,2026-03-31,totoki-hiroki,Totoki Hiroki,8000000,1,0
S100YDHL,6098,2026-03-31,honda-keiko,Honda Keiko,38000000,1,1
S100YDHL,6098,2026-03-31,katrina-lake,Katrina Lake,38000000,1,1
S100YDHL,6098,2026-03-31,nagashima-yukiko,Nagashima Yukiko,44000000,1,1
S100YDHL,6098,2026-03-31,nishimura-takashi,Nishimura Takashi,44000000,1,1
S100YDHL,6098,2026-03-31,ogawa-yoichiro,Ogawa Yoichiro,21000000,1,1
S100YDHL,6098,2026-03-31,natori-katsuya,Natori Katsuya,21000000,1,1
S100YDP3,8308,2026-03-31,minami-masahiro,Minami Masahiro,150000000,0,1
S100YDP3,8308,2026-03-31,iwanaga-shoichi,Iwanaga Shoichi,117000000,0,0
S100YDP3,8308,2026-03-31,fukuoka-satoshi,Fukuoka Satoshi,108000000,0,0
S100YDRI,8439,2026-03-31,yukiya-masataka,Yukiya Masataka,144000000,0,1
S100YDSE,8331,2026-03-31,yonemoto-tsutomu,Yonemoto Tsutomu,105000000,0,1
S100YDTC,8609,2026-03-31,shinshiba-hiroyuki,Shinshiba Hiroyuki,125000000,0,1
S100YDYF,7947,2026-03-31,sato-morimasa,Sato Morimasa,248000000,0,1
S100YDYF,7947,2026-03-31,yasuda-kazuyuki,Yasuda Kazuyuki,130000000,0,1
S100YE1D,2121,2026-03-31,kimura-koki,Kimura Koki,272000000,0,1
S100YE1D,2121,2026-03-31,murase-tatsuma,Murase Tatsuma,147000000,0,1
S100YE5N,4527,2026-03-31,yamada-kunio,Yamada Kunio,208000000,0,1
S100YE5V,2801,2026-03-31,mogi-yuzaburo,Mogi Yuzaburo,137000000,0,1
S100YE5V,2801,2026-03-31,horikiri-noriaki,Horikiri Noriaki,137000000,0,1
S100YE5V,2801,2026-03-31,nakano-shozaburo,Nakano Shozaburo,149000000,0,1
S100YE5V,2801,2026-03-31,shimada-masanao,Shimada Masanao,125000000,0,1
S100YE76,9434,2026-03-31,imai-yasuyuki,Imai Yasuyuki,350000000,0,1
S100YE76,9434,2026-03-31,miyakawa-junichi,Miyakawa Junichi,568000000,0,1
S100YE76,9434,2026-03-31,shimba-jun,Shimba Jun,341000000,0,1
S100YE76,9434,2026-03-31,fujihara-kazuhiko,Fujihara Kazuhiko,270000000,0,1
S100YE8H,3153,2026-03-31,ohta-akio,Ohta Akio,131000000,0,1
S100YE8Y,4206,2026-03-31,ono-yuji,Ono Yuji,122000000,0,1
S100YE9I,4063,2026-03-31,akiya-fumio,Akiya Fumio,354000000,0,1
S100YE9I,4063,2026-03-31,saitoh-yasuhiko,Saitoh Yasuhiko,492000000,0,1
S100YE9I,4063,2026-03-31,ueno-susumu,Ueno Susumu,147000000,0,1
S100YE9I,4063,2026-03-31,todoroki-masahiko,Todoroki Masahiko,151000000,0,1
S100YED6,8078,2026-03-31,nakagawa-yoichi,Nakagawa Yoichi,104000000,0,1
S100YEE5,6845,2026-03-31,yamamoto-kiyohiro,Yamamoto Kiyohiro,195000000,0,1
S100YEE5,6845,2026-03-31,yokota-takayuki,Yokota Takayuki,132000000,0,1
S100YEEB,6504,2026-03-31,kitazawa-michihiro,Kitazawa Michihiro,264000000,0,1
S100YEEB,6504,2026-03-31,kondp-shiro,Kondp Shiro,242000000,0,1
S100YEEB,6504,2026-03-31,hosen-toru,Hosen Toru,135000000,0,1
S100YEEB,6504,2026-03-31,tetsutani-hiroshi,Tetsutani Hiroshi,124000000,0,1
S100YEEB,6504,2026-03-31,kawano-masashi,Kawano Masashi,135000000,0,1
S100YEEB,6504,2026-03-31,miyoshi-yoshitada,Miyoshi Yoshitada,125000000,0,1
S100YEES,3635,2026-03-31,erikawa-keiko,Erikawa Keiko,272000000,0,1
S100YEES,3635,2026-03-31,erikawa-yoichi,Erikawa Yoichi,244000000,0,1
S100YEES,3635,2026-03-31,koinuma-hisashi,Koinuma Hisashi,240000000,0,1
S100YEFI,9024,2026-03-31,goto-takashi,Goto Takashi,207000000,0,1
S100YEFI,9024,2026-03-31,nishiyama-ryuichiro,Nishiyama Ryuichiro,148000000,0,1
S100YEFI,9024,2026-03-31,ogawa-shuichiro,Ogawa Shuichiro,106000000,0,1
S100YEFI,9024,2026-03-31,kaneda-yoshiki,Kaneda Yoshiki,103000000,0,1
S100YEFI,9024,2026-03-31,saito-tomohide,Saito Tomohide,108000000,0,1
S100YEFQ,1963,2026-03-31,sato-masayuki,Sato Masayuki,155000000,0,1
S100YEFQ,1963,2026-03-31,terajima-kiyotaka,Terajima Kiyotaka,103000000,0,1
S100YEFT,7014,2026-03-31,namura-tatsuhiko,Namura Tatsuhiko,173000000,0,1
S100YEFT,7014,2026-03-31,namura-kensuke,Namura Kensuke,147000000,0,1
S100YEGC,6005,2026-03-31,miyauchi-daisuke,Miyauchi Daisuke,133000000,0,1
S100YEGC,6005,2026-03-31,yoneda-tsuyoshi,Yoneda Tsuyoshi,132000000,0,1
S100YEGP,8174,2026-03-31,kashiwaya-kunihiko,Kashiwaya Kunihiko,109000000,0,1
S100YEH1,5845,2026-03-31,sako-yukiharu,Sako Yukiharu,153000000,0,0
S100YEH1,5845,2026-03-31,ibaraki-hidehiko,Ibaraki Hidehiko,274000000,0,1
S100YEI3,8252,2026-03-31,aoi-hiroshi,Aoi Hiroshi,124000000,0,1
S100YEOP,7729,2026-03-31,yoshida-hitoshi,Yoshida Hitoshi,169000000,0,1
S100YEOP,7729,2026-03-31,kimura-ryuichi,Kimura Ryuichi,189000000,0,1
S100YEQK,6135,2026-03-31,neo-eng-chong,Neo Eng Chong,145000000,0,1
S100YERK,8316,2026-03-31,takashima-makoto,Takashima Makoto,222000000,0,1
S100YERK,8316,2026-03-31,nakashima-toru,Nakashima Toru,300000000,0,1
S100YERK,8316,2026-03-31,kudo-teiko,Kudo Teiko,128000000,0,1
S100YERK,8316,2026-03-31,hyakutome-yoshihiro,Hyakutome Yoshihiro,125000000,0,0
S100YERK,8316,2026-03-31,mikami-takeshi,Mikami Takeshi,125000000,0,0
S100YERK,8316,2026-03-31,nakamura-keiichirou,Nakamura Keiichirou,101000000,0,0
S100YERK,8316,2026-03-31,isowa-akio,Isowa Akio,103000000,0,0
S100YERK,8316,2026-03-31,ito-fumihiko,Ito Fumihiko,103000000,0,0
S100YERK,8316,2026-03-31,kobayashi-takashi,Kobayashi Takashi,103000000,0,0
S100YERK,8316,2026-03-31,samejima-natsuhiro,Samejima Natsuhiro,109000000,0,0
S100YERK,8316,2026-03-31,takamatsu-hideki,Takamatsu Hideki,121000000,0,0
S100YERK,8316,2026-03-31,mabuchi-yukihiro,Mabuchi Yukihiro,111000000,0,0
S100YERK,8316,2026-03-31,uemura-akio,Uemura Akio,114000000,0,0
S100YERK,8316,2026-03-31,anchi-kazuyuki,Anchi Kazuyuki,115000000,0,1
S100YERK,8316,2026-03-31,nagata-arihiro,Nagata Arihiro,116000000,0,0
S100YETA,6752,2026-03-31,kusumi-yuki,Kusumi Yuki,124000000,0,1
S100YEU4,8706,2026-03-31,kikuchi-hiroyuki,Kikuchi Hiroyuki,116000000,0,1
S100YEU4,8706,2026-03-31,kikuchi-kazuhiro,Kikuchi Kazuhiro,150000000,0,1
S100YEXW,3951,2026-03-31,asahi-jugo,Asahi Jugo,572000000,0,0
S100YEY0,4568,2026-03-31,m-a-n-a-b-e-s-u-n-a-o,M A N A B E S U N A O,253000000,0,1
S100YEY0,4568,2026-03-31,o-k-u-z-a-w-a-h-i-r-o-y-u-k-i,O K U Z A W A H I R O Y U K I,273000000,0,1
S100YEY0,4568,2026-03-31,m-a-t-s-u-m-o-t-o-t-a-k-a-s-h-i,M A T S U M O T O T A K A S H I,106000000,0,1
S100YEY0,4568,2026-03-31,joseph-kenneth-keller,Joseph Kenneth Keller,979000000,0,1
S100YF41,6963,2026-03-31,azuma-katsumi,Azuma Katsumi,112000000,0,1
S100YF47,6971,2026-03-31,yamaguchi-goro,Yamaguchi Goro,143000000,0,1
S100YF47,6971,2026-03-31,tanimoto-hideo,Tanimoto Hideo,159000000,0,1
S100YF57,4507,2026-03-31,teshirogi-isao,Teshirogi Isao,302000000,0,1
S100YF57,4507,2026-03-31,keller-john,Keller John,577000000,0,1
S100YF8Y,8411,2026-03-31,kihara-masahiro,Kihara Masahiro,256000000,0,1
S100YF8Y,8411,2026-03-31,imai-seiji,Imai Seiji,143000000,0,1
S100YF8Y,8411,2026-03-31,take-hidekatsu,Take Hidekatsu,120000000,0,1
S100YF8Y,8411,2026-03-31,sugawara-masayuki,Sugawara Masayuki,106000000,0,0
S100YFHS,9247,2026-03-31,mitsumoto-mamoru,Mitsumoto Mamoru,106000000,0,0
S100YAUO,4005,2026-03-31,iwata-keiichi,Iwata Keiichi,157000000,0,1
S100YAUO,4005,2026-03-31,mito-nobuaki,Mito Nobuaki,136000000,0,1
S100YAUO,4005,2026-03-31,niinuma-hiroshi,Niinuma Hiroshi,104000000,0,1
S100YC5C,8604,2026-03-31,nagai-koji,Nagai Koji,802000000,0,1
S100YC5C,8604,2026-03-31,okuda-kentaro,Okuda Kentaro,1644600000,0,1
S100YC5C,8604,2026-03-31,nakajima-yutaka,Nakajima Yutaka,928800000,0,1
S100YC5C,8604,2026-03-31,iiyama-toshiyasu,Iiyama Toshiyasu,584000000,0,0
S100YC5C,8604,2026-03-31,kitamura-takumi,Kitamura Takumi,290000000,0,0
S100YC5C,8604,2026-03-31,kato-sotaro,Kato Sotaro,280000000,0,0
S100YC5C,8604,2026-03-31,moriuchi-hiroyuki,Moriuchi Hiroyuki,300000000,0,0
S100YC5C,8604,2026-03-31,christopher-willcox,Christopher Willcox,2560200000,0,0
S100YDRV,6363,2026-03-31,gerald-ashe,Gerald Ashe,154000000,0,1
S100YDRV,6363,2026-03-31,alister-flett,Alister Flett,109000000,0,1
S100YDXD,1803,2026-03-31,inoue-kazuyuki,Inoue Kazuyuki,204000000,0,1
S100YDXD,1803,2026-03-31,shinmura-tatsuya,Shinmura Tatsuya,243000000,0,1
S100YDXD,1803,2026-03-31,ikeda-kentarou,Ikeda Kentarou,121000000,0,1
S100YDXD,1803,2026-03-31,sekiguchi-takeshi,Sekiguchi Takeshi,117000000,0,1
S100YE8K,1301,2026-03-31,inoue-makoto,Inoue Makoto,113000000,0,1
S100YE8L,4203,2026-03-31,fujiwara-kazuhiko,Fujiwara Kazuhiko,110000000,0,1
S100YE8L,4203,2026-03-31,kajiya-shinichi,Kajiya Shinichi,102000000,0,1
S100YECO,6448,2026-03-31,ikeda-kazufumi,Ikeda Kazufumi,103000000,0,1
S100YENT,7013,2026-03-31,mitsuoka-tsugio,Mitsuoka Tsugio,149000000,0,1
S100YENT,7013,2026-03-31,ide-hiroshi,Ide Hiroshi,159000000,0,1
S100YENT,7013,2026-03-31,kobayashi-jun,Kobayashi Jun,189000000,0,1
S100YEOO,8035,2026-03-31,kawai-toshiki,Kawai Toshiki,2050000000,0,1
S100YEOO,8035,2026-03-31,sasaki-sadao,Sasaki Sadao,725000000,0,1
S100YEOO,8035,2026-03-31,tahara-kazushi,Tahara Kazushi,222000000,0,1
S100YEWB,2897,2026-03-31,ando-koki,Ando Koki,534000000,0,1
S100YEWB,2897,2026-03-31,ando-noritaka,Ando Noritaka,403000000,0,1
S100YEXL,7593,2026-03-31,takahashi-kazuho,Takahashi Kazuho,202000000,0,1
S100YEYZ,9759,2026-03-31,imajo-yoshikazu,Imajo Yoshikazu,128000000,0,1
S100YF5H,3443,2026-03-31,kawada-tadahiro,Kawada Tadahiro,104000000,0,1
S100YF7M,5333,2026-03-31,oshima-taku,Oshima Taku,153000000,0,1
S100YF7M,5333,2026-03-31,kobayashi-shigeru,Kobayashi Shigeru,153000000,0,1
S100YF9D,7270,2025-03-31,osaki-atsushi,Osaki Atsushi,184000000,0,1
S100YF9D,7270,2025-03-31,nakamura-tomomi,Nakamura Tomomi,118000000,0,1
S100YF9D,7270,2025-03-31,hayata-fumiaki,Hayata Fumiaki,117000000,0,1
S100YFAW,6869,2026-03-31,ietsugu-hisashi,Ietsugu Hisashi,196000000,0,1
S100YFAW,6869,2026-03-31,asano-kaoru,Asano Kaoru,174000000,0,1
S100YFCP,8056,2026-03-31,saito-noboru,Saito Noboru,163000000,0,1
S100YFCP,8056,2026-03-31,katsuya-koji,Katsuya Koji,106000000,0,1
S100YFCS,4062,2026-03-31,aoki-takeshi,Aoki Takeshi,155000000,0,1
S100YFCS,4062,2026-03-31,kawashima-koji,Kawashima Koji,151000000,0,1
S100YFDV,7994,2026-03-31,nakamura-masayuki,Nakamura Masayuki,175000000,0,1
S100YFE3,6471,2026-03-31,ichii-akitoshi,Ichii Akitoshi,213000000,0,1
S100YFE3,6471,2026-03-31,suzuki-keita,Suzuki Keita,110000000,0,1
S100YFE3,6471,2026-03-31,ochiai-hideki,Ochiai Hideki,111000000,0,0
S100YFG9,3402,2026-03-31,nikkaku-akihiro,Nikkaku Akihiro,156000000,0,1
S100YFG9,3402,2026-03-31,ohya-mitsuo,Ohya Mitsuo,156000000,0,1
S100YFGL,6703,2026-03-31,takahiro-mori,Takahiro Mori,121000000,0,1
S100YFHH,5929,2026-03-31,takayama-yasushi,Takayama Yasushi,144000000,0,1
S100YFHH,5929,2026-03-31,takayama-meiji,Takayama Meiji,136000000,0,1
S100YFKZ,7270,2026-03-31,osaki-atsushi,Osaki Atsushi,130000000,0,1
S100YFQT,9532,2026-03-31,honjo-takehiro,Honjo Takehiro,118000000,0,1
S100YFQT,9532,2026-03-31,fujiwara-masataka,Fujiwara Masataka,127000000,0,1
S100YFRY,5711,2026-03-31,tanaka-tetsuya,Tanaka Tetsuya,121000000,0,1
S100YFSR,4188,2026-03-31,chikumoto-manabu,Chikumoto Manabu,171000000,0,1
S100YFV2,7245,2026-03-31,hanji-seigo,Hanji Seigo,155000000,0,1
S100YFV2,7245,2026-03-31,furukawa-tomomitsu,Furukawa Tomomitsu,103000000,0,1
S100YFWX,8022,2026-03-31,mizuno-akito,Mizuno Akito,103000000,0,1
S100YG3E,1860,2026-03-31,ootani-seisuke,Ootani Seisuke,111000000,0,1
S100YG3O,7616,2026-03-31,kuroudo-kaneo,Kuroudo Kaneo,285000000,0,1
S100YG3Q,6954,2026-03-31,inaba-yoshiharu,Inaba Yoshiharu,183000000,0,0
S100YG3Q,6954,2026-03-31,yamaguchi-kenji,Yamaguchi Kenji,366000000,0,1
S100YG3Q,6954,2026-03-31,sasuga-ryuji,Sasuga Ryuji,140000000,0,1
S100YG3Q,6954,2026-03-31,michael-j-cicco,Michael J Cicco,420000000,0,1
S100YG5L,8591,2026-03-31,inoue-makoto,Inoue Makoto,552000000,0,1
S100YG5L,8591,2026-03-31,takahashi-hidetake,Takahashi Hidetake,463000000,0,1
S100YG5L,8591,2026-03-31,matsuzaki-satoru,Matsuzaki Satoru,291000000,0,1
S100YG5L,8591,2026-03-31,stan-koyanagi,Stan Koyanagi,317000000,0,1
S100YG5L,8591,2026-03-31,mikami-yasuaki,Mikami Yasuaki,118000000,0,0
S100YG5L,8591,2026-03-31,arita-eiji,Arita Eiji,115000000,0,0
S100YG5L,8591,2026-03-31,miayake-seiichi,Miayake Seiichi,141000000,0,0
S100YG81,6645,2026-03-31,yamada-yoshihito,Yamada Yoshihito,240000000,0,1
S100YG81,6645,2026-03-31,tsujinaga-junta,Tsujinaga Junta,369000000,0,1
S100YG81,6645,2026-03-31,miyata-kiichiro,Miyata Kiichiro,190000000,0,1
S100YG81,6645,2026-03-31,tomita-masahiko,Tomita Masahiko,142000000,0,1
S100YG81,6645,2026-03-31,yukumoto-shizuto,Yukumoto Shizuto,107000000,0,1
S100YGAR,4980,2026-03-31,shinya-yoshihisa,Shinya Yoshihisa,216000000,0,1
S100YGAR,4980,2026-03-31,kitajo-katsushi,Kitajo Katsushi,104000000,0,1
S100YGBO,6501,2026-03-31,higashihara-toshiaki,Higashihara Toshiaki,527000000,0,1
S100YGBO,6501,2026-03-31,tokunaga-toshiaki,Tokunaga Toshiaki,761000000,0,1
S100YGBO,6501,2026-03-31,abe-jun,Abe Jun,263000000,0,0
S100YGBO,6501,2026-03-31,brice-koch,Brice Koch,1390000000,0,0
S100YGBO,6501,2026-03-31,noriharu-amiya,Noriharu Amiya,169000000,0,0
S100YGBO,6501,2026-03-31,tomomi-kato,Tomomi Kato,181000000,0,0
S100YGBO,6501,2026-03-31,shashank-samant,Shashank Samant,1048000000,0,0
S100YGBO,6501,2026-03-31,andreas-schierenbeck,Andreas Schierenbeck,819000000,0,0
S100YGBO,6501,2026-03-31,jun-taniguchi,Jun Taniguchi,201000000,0,0
S100YGBO,6501,2026-03-31,lorena-dellagiovanna,Lorena Dellagiovanna,827000000,0,0
S100YGBO,6501,2026-03-31,nagano-katsuya,Nagano Katsuya,188000000,0,0
S100YGBO,6501,2026-03-31,hasegawa-masahiko,Hasegawa Masahiko,187000000,0,0
S100YGBO,6501,2026-03-31,giuseppe-marino,Giuseppe Marino,633000000,0,0
S100YGBO,6501,2026-03-31,atsuhiro-aketa,Atsuhiro Aketa,142000000,0,0
S100YGBO,6501,2026-03-31,hidenori-azushima,Hidenori Azushima,104000000,0,0
S100YGBO,6501,2026-03-31,yasunori-inada,Yasunori Inada,127000000,0,0
S100YGBO,6501,2026-03-31,yasuki-imai,Yasuki Imai,101000000,0,0
S100YGBO,6501,2026-03-31,kume-tadashi,Kume Tadashi,124000000,0,0
S100YGBO,6501,2026-03-31,takashi-saito,Takashi Saito,126000000,0,0
S100YGBO,6501,2026-03-31,shigetoshi-sameshima,Shigetoshi Sameshima,105000000,0,0
S100YGBO,6501,2026-03-31,susumu-takimoto,Susumu Takimoto,100000000,0,0
S100YGBO,6501,2026-03-31,yasuhiro-takeuchi,Yasuhiro Takeuchi,137000000,0,0
S100YGBO,6501,2026-03-31,nakakita-kojin,Nakakita Kojin,139000000,0,0
S100YGBO,6501,2026-03-31,nakatsu-hideshi,Nakatsu Hideshi,124000000,0,0
S100YGBO,6501,2026-03-31,nukui-seiichiro,Nukui Seiichiro,164000000,0,0
S100YGBO,6501,2026-03-31,hirohide-hirai,Hirohide Hirai,111000000,0,0
S100YGBO,6501,2026-03-31,michele-fracchiolla,Michele Fracchiolla,188000000,0,0
S100YGBO,6501,2026-03-31,yoshinori-hosoya,Yoshinori Hosoya,125000000,0,0
S100YGBO,6501,2026-03-31,chie-mashima,Chie Mashima,124000000,0,0
S100YGBO,6501,2026-03-31,yuto-matsumura,Yuto Matsumura,110000000,0,0
S100YGBO,6501,2026-03-31,yoda-takashi,Yoda Takashi,125000000,0,0
S100YGBO,6501,2026-03-31,kojima-keiji,Kojima Keiji,409000000,0,0
S100YGBO,6501,2026-03-31,andrew-barr,Andrew Barr,144000000,0,0
S100YGCS,2181,2026-03-31,mizuta-masamichi,Mizuta Masamichi,69000000,1,1
S100YGCS,2181,2026-03-31,wada-takao,Wada Takao,143000000,0,1
S100YGCZ,8020,2026-03-31,tanigawa-kaoru,Tanigawa Kaoru,108000000,0,1
S100YGCZ,8020,2026-03-31,miyabe-yoshiya,Miyabe Yoshiya,108000000,0,1
S100YGH5,9984,2026-03-31,son-masayoshi,Son Masayoshi,100000000,0,1
S100YGH5,9984,2026-03-31,goto-yoshimitsu,Goto Yoshimitsu,501000000,0,1
S100YGH5,9984,2026-03-31,rene-haas,Rene Haas,6139000000,0,1
S100YGIC,4732,2026-03-31,ando-yukihiro,Ando Yukihiro,194000000,0,1
S100YGIC,4732,2026-03-31,seta-dai,Seta Dai,172000000,0,1
S100YGQB,7988,2026-03-31,shibao-masaharu,Shibao Masaharu,113000000,0,1
S100YGU2,1966,2026-03-31,takada-juichiro,Takada Juichiro,133661000,0,1
S100YGUI,4183,2026-03-31,hashimoto-osamu,Hashimoto Osamu,127000000,0,1
S100YGWF,2127,2026-03-31,miyake-suguru,Miyake Suguru,246000000,0,1
S100YGWF,2127,2026-03-31,naraki-takamaro,Naraki Takamaro,180000000,0,1
S100YGWF,2127,2026-03-31,otsuki-masahiko,Otsuki Masahiko,123000000,0,1
S100YGWF,2127,2026-03-31,takeuchi-naoki,Takeuchi Naoki,215000000,0,1
S100YGX6,7220,2026-03-31,otsuka-hiroshi,Otsuka Hiroshi,142000000,0,1
S100YH2B,7201,2026-03-31,uchida-makoto,Uchida Makoto,561000000,0,0
S100YH2B,7201,2026-03-31,sakamoto-hideyuki,Sakamoto Hideyuki,241000000,0,0
S100YBAT,6370,2026-03-31,kadota-michiya,Kadota Michiya,166000000,0,1
S100YBAT,6370,2026-03-31,ejiri-hirohiko,Ejiri Hirohiko,132000000,0,1
S100YBAT,6370,2026-03-31,jordi-verdes-prieto,Jordi Verdes Prieto,151000000,0,0
S100YDWB,2730,2026-03-31,kubo-masataka,Kubo Masataka,289000000,0,1
S100YDWB,2730,2026-03-31,takahashi-kohzo,Takahashi Kohzo,101000000,0,1
S100YDZ1,7261,2026-03-31,shobuda-kiyotaka,Shobuda Kiyotaka,107000000,0,1
S100YDZ1,7261,2026-03-31,moro-masahiro,Moro Masahiro,149000000,0,1
S100YDZ1,7261,2026-03-31,jeffrey-h-guyton,Jeffrey H Guyton,527000000,0,1
S100YF19,4552,2026-03-31,andrea-spezzi,Andrea Spezzi,143000000,0,1
S100YF4V,8593,2026-03-31,hisai-taiju,Hisai Taiju,130000000,0,1
S100YF74,7912,2026-03-31,kitajima-yoshinari,Kitajima Yoshinari,284000000,0,1
S100YF74,7912,2026-03-31,miya-kenji,Miya Kenji,105000000,0,1
S100YF7I,5020,2026-03-31,miyata-tomohide,Miyata Tomohide,190000000,0,1
S100YF7I,5020,2026-03-31,tanaka-soichiro,Tanaka Soichiro,124000000,0,1
S100YF8E,5401,2026-03-31,hashimoto-eiji,Hashimoto Eiji,467409879,0,1
S100YF8E,5401,2026-03-31,imai-tadashi,Imai Tadashi,467409879,0,1
S100YF8E,5401,2026-03-31,mori-takahiro,Mori Takahiro,338806929,0,1
S100YF8E,5401,2026-03-31,sato-naoki,Sato Naoki,218087307,0,1
S100YF8E,5401,2026-03-31,hirose-takashi,Hirose Takashi,218087307,0,1
S100YF8E,5401,2026-03-31,funakoshi-hirofumi,Funakoshi Hirofumi,218087307,0,1
S100YF8E,5401,2026-03-31,minato-hiroyuki,Minato Hiroyuki,218087307,0,1
S100YF8E,5401,2026-03-31,fujita-nobuhiro,Fujita Nobuhiro,161837307,0,1
S100YFBQ,7202,2026-03-31,katayama-masanori,Katayama Masanori,230000000,0,1
S100YFBQ,7202,2026-03-31,minami-shinsuke,Minami Shinsuke,148000000,0,1
S100YFBQ,7202,2026-03-31,takahashi-shinichi,Takahashi Shinichi,133000000,0,1
S100YFBQ,7202,2026-03-31,yamaguchi-naohiro,Yamaguchi Naohiro,101000000,0,1
S100YFC1,4540,2026-03-31,kato-terukazu,Kato Terukazu,160000000,0,1
S100YFC3,2445,2026-03-31,takamiya-kazumasa,Takamiya Kazumasa,150000000,0,1
S100YFG2,7269,2026-03-31,suzuki-toshihiro,Suzuki Toshihiro,315000000,0,1
S100YFG2,7269,2026-03-31,ishii-naomi,Ishii Naomi,186000000,0,1
S100YFG2,7269,2026-03-31,kato-katsuhiro,Kato Katsuhiro,130000000,0,1
S100YFG2,7269,2026-03-31,okajima-aritaka,Okajima Aritaka,104000000,0,1
S100YFSM,4694,2026-03-31,kondo-kensuke,Kondo Kensuke,107000000,0,1
S100YFZK,4681,2026-03-31,ito-yoshiro,Ito Yoshiro,498000000,0,1
S100YFZK,4681,2026-03-31,ito-katsuyasu,Ito Katsuyasu,481000000,0,1
S100YFZK,4681,2026-03-31,fushimi-ariyoshi,Fushimi Ariyoshi,181000000,0,1
S100YFZK,4681,2026-03-31,shintani-atsuyuki,Shintani Atsuyuki,164000000,0,1
S100YG2R,6088,2026-03-31,hiroshi-ota,Hiroshi Ota,186730000,0,1
S100YG2R,6088,2026-03-31,shibanuma-shunichi,Shibanuma Shunichi,130874000,0,1
S100YG4U,6254,2026-03-31,uchida-makoto,Uchida Makoto,215518000,0,1
S100YG4U,6254,2026-03-31,nishie-katsuji,Nishie Katsuji,116953000,0,1
S100YG4U,6254,2026-03-31,nishimura-shirou,Nishimura Shirou,102326000,0,1
S100YG4U,6254,2026-03-31,senda-toyosaku,Senda Toyosaku,186111000,0,1
S100YG9I,8707,2026-03-31,okitsu-yoshiaki,Okitsu Yoshiaki,110000000,0,1
S100YGBS,4684,2026-03-31,noda-masahiro,Noda Masahiro,135000000,0,1
S100YGBS,4684,2026-03-31,tachibana-shoichi,Tachibana Shoichi,811000000,0,1
S100YGEO,2004,2026-03-31,tsukagoshi-hideyuki,Tsukagoshi Hideyuki,103000000,0,1
S100YGF5,9468,2026-03-31,natsuno-takeshi,Natsuno Takeshi,146000000,0,1
S100YGI5,8616,2026-03-31,ishida-tateaki,Ishida Tateaki,114000000,0,1
S100YGIN,5714,2026-03-31,sekiguchi-akira,Sekiguchi Akira,128000000,0,1
S100YGJF,7701,2026-03-31,ueda-teruhisa,Ueda Teruhisa,120000000,0,1
S100YGJF,7701,2026-03-31,yamamoto-yasunori,Yamamoto Yasunori,126000000,0,1
S100YGJI,8111,2026-03-31,watanabe-takao,Watanabe Takao,108000000,0,1
S100YGKW,8892,2026-03-31,ito-takatoshi,Ito Takatoshi,172000000,0,1
S100YGKW,8892,2026-03-31,nakanishi-minoru,Nakanishi Minoru,103000000,0,1
S100YGMG,4543,2026-03-31,takagi-toshiaki,Takagi Toshiaki,143000000,0,1
S100YGMG,4543,2026-03-31,samejima-hikaru,Samejima Hikaru,180000000,0,1
S100YGOV,8059,2026-03-31,uno-ichiro,Uno Ichiro,108000000,0,1
S100YGP3,5803,2026-03-31,okada-naoki,Okada Naoki,196000000,0,1
S100YGP3,5803,2026-03-31,banno-tatsuya,Banno Tatsuya,109000000,0,1
S100YGP3,5803,2026-03-31,iijima-kazuhito,Iijima Kazuhito,104000000,0,1
S100YGTS,9960,2026-03-31,kusano-tomoyuki,Kusano Tomoyuki,120000000,0,0
S100YGTS,9960,2026-03-31,nagao-katsumi,Nagao Katsumi,107000000,0,1
S100YGWM,7456,2026-03-31,matsuda-yoshiaki,Matsuda Yoshiaki,267000000,0,1
S100YGWM,7456,2026-03-31,tsushima-koji,Tsushima Koji,126000000,0,1
S100YGXY,1980,2026-03-31,yamanaka-yasuhiro,Yamanaka Yasuhiro,141000000,0,1
S100YGXY,1980,2026-03-31,fujisawa-ichiro,Fujisawa Ichiro,129000000,0,1
S100YGYK,7762,2026-03-31,oji-yoshitaka,Oji Yoshitaka,103000000,0,1
S100YGZX,8074,2026-03-31,tamura-hiroyuki,Tamura Hiroyuki,104000000,0,1
S100YH2N,3231,2026-03-31,kutsukake-eiji,Kutsukake Eiji,116000000,0,1
S100YH2N,3231,2026-03-31,arai-satoshi,Arai Satoshi,275000000,0,1
S100YH2N,3231,2026-03-31,matsuo-daisaku,Matsuo Daisaku,216000000,0,1
S100YH2N,3231,2026-03-31,haga-makoto,Haga Makoto,174000000,0,1
S100YH2N,3231,2026-03-31,kurokawa-hiroshi,Kurokawa Hiroshi,152000000,0,1
S100YH3A,1961,2026-03-31,hasegawa-tsutomu,Hasegawa Tsutomu,134000000,0,1
S100YH3A,1961,2026-03-31,ishida-hirokazu,Ishida Hirokazu,134000000,0,1
S100YH4M,6586,2026-03-31,goto-munetoshi,Goto Munetoshi,129000000,0,1
S100YH52,6753,2024-03-31,po-hsuan-wu,Po Hsuan Wu,122000000,0,1
S100YH53,6753,2025-03-31,po-hsuan-wu,Po Hsuan Wu,118000000,0,1
S100YH53,6753,2025-03-31,okitsu-masahiro,Okitsu Masahiro,105000000,0,1
S100YH71,6674,2026-03-31,abe-takashi,Abe Takashi,109000000,0,1
S100YH8U,6777,2026-03-31,tei-mototaka,Tei Mototaka,179000000,0,1
S100YH8U,6777,2026-03-31,tei-masataka,Tei Masataka,151000000,0,1
S100YH8U,6777,2026-03-31,tei-daikou,Tei Daikou,106000000,0,1
S100YH8W,9531,2026-03-31,sasayama-shinichi,Sasayama Shinichi,135000000,0,1
S100YHAQ,7199,2026-03-31,shibata-yohichi,Shibata Yohichi,104000000,0,1
S100YHB1,7242,2026-03-31,kawase-masahiro,Kawase Masahiro,108000000,0,1
S100YHDZ,9274,2026-03-31,tanabe-madoka,Tanabe Madoka,103000000,0,1
S100YHDZ,9274,2026-03-31,david-martin,David Martin,138000000,0,1
S100YHDZ,9274,2026-03-31,herve-poncin,Herve Poncin,161000000,0,1
S100YHFI,9303,2026-03-31,ono-takanori,Ono Takanori,128000000,0,1
S100YHG0,9075,2024-03-31,komaru-shigehiro,Komaru Shigehiro,137000000,0,1
S100YHG2,9075,2025-03-31,komaru-shigehiro,Komaru Shigehiro,150000000,0,1
S100YHHI,7745,2026-03-31,morishima-yasunobu,Morishima Yasunobu,103000000,0,1
S100YHHK,6526,2026-03-31,koezuka-masahiro,Koezuka Masahiro,122000000,0,1
S100YHHR,9027,2026-03-31,kimura-terumi,Kimura Terumi,107000000,0,1
S100YHJ4,9684,2026-03-31,kiryu-takashi,Kiryu Takashi,387000000,0,1
S100YHJH,7864,2026-03-31,okazaki-shigeko,Okazaki Shigeko,109000000,0,1
S100YHK4,3611,2026-03-31,matsuoka-noriyuki,Matsuoka Noriyuki,146000000,0,1
S100YHKP,7460,2026-03-31,yagi-takao,Yagi Takao,169000000,0,1
S100YHKQ,4613,2026-03-31,mori-kunishi,Mori Kunishi,230000000,0,1
S100YHL5,7476,2026-03-31,iuchi-takuji,Iuchi Takuji,127000000,0,1
S100YHNU,8877,2026-03-31,aramaki-sugio,Aramaki Sugio,144608000,0,1
S100YHPK,6523,2026-03-31,deguchi-kyoko,Deguchi Kyoko,203000000,0,1
S100YHPK,6523,2026-03-31,sato-koichiro,Sato Koichiro,106000000,0,1
S100YHRX,7292,2026-03-31,murakami-taro,Murakami Taro,166000000,0,1
S100YHX4,9347,2026-03-31,fukuda-shintaro,Fukuda Shintaro,300000000,0,1
S100YHZV,6753,2026-03-31,okitsu-masahiro,Okitsu Masahiro,117000000,0,1
S100YI2T,9104,2026-03-31,ikeda-junichiro,Ikeda Junichiro,148000000,0,1
S100YI2T,9104,2026-03-31,hashimoto-takeshi,Hashimoto Takeshi,243000000,0,1
S100YI2T,9104,2026-03-31,toshinobu-shinoda,Toshinobu Shinoda,150000000,0,1
S100YI2T,9104,2026-03-31,hamazaki-kazuya,Hamazaki Kazuya,137000000,0,1
S100YIB5,4819,2026-03-31,hayashi-kaoru,Hayashi Kaoru,346000000,0,1
S100YIB5,4819,2026-03-31,odori-keizo,Odori Keizo,139000000,0,1
S100YIBR,6305,2026-03-31,ray-kitic,Ray Kitic,130000000,0,0
S100YIBR,6305,2026-03-31,sandeep-singh,Sandeep Singh,115000000,0,0
S100YID4,3291,2026-03-31,sato-chihiro,Sato Chihiro,104000000,0,1
S100YBLA,8802,2026-03-31,nakajima-atsushi,Nakajima Atsushi,247000000,0,1
S100YBLA,8802,2026-03-31,yoshida-jyunichi,Yoshida Jyunichi,181000000,0,1
S100YBLA,8802,2026-03-31,fujioka-yuuji,Fujioka Yuuji,141000000,0,0
S100YBLA,8802,2026-03-31,kawabata-ryozo,Kawabata Ryozo,122000000,0,0
S100YBLA,8802,2026-03-31,naganuma-bunroku,Naganuma Bunroku,118000000,0,0
S100YBLA,8802,2026-03-31,yutaro-yotsuzuka,Yutaro Yotsuzuka,118000000,0,1
S100YBLA,8802,2026-03-31,araki-haruhiko,Araki Haruhiko,114000000,0,0
S100YBQV,5706,2026-03-31,nou-takeshi,Nou Takeshi,161000000,0,1
S100YBQV,5706,2026-03-31,ikenobu-seiji,Ikenobu Seiji,111000000,0,1
S100YBQV,5706,2026-03-31,okabe-masato,Okabe Masato,118000000,0,1
S100YC7J,9503,2025-03-31,mori-nozomu,Mori Nozomu,87000000,1,1
S100YC7J,9503,2025-03-31,araki-makoto,Araki Makoto,64000000,1,1
S100YC7J,9503,2025-03-31,ogawa-hiroshi,Ogawa Hiroshi,60000000,1,1
S100YC7J,9503,2025-03-31,shimamoto-yasuji,Shimamoto Yasuji,36000000,1,1
S100YC7J,9503,2025-03-31,nishizawa-nobuhiro,Nishizawa Nobuhiro,36000000,1,1
S100YCF0,5801,2026-03-31,moridaira-hideya,Moridaira Hideya,119000000,0,1
S100YD3Q,2902,2026-03-31,yamazaki-yoshiki,Yamazaki Yoshiki,133633000,0,0
S100YD3Q,2902,2026-03-31,yamazaki-naganori,Yamazaki Naganori,119936000,0,0
S100YDOK,9503,2024-03-31,mori-nozomu,Mori Nozomu,38000000,1,1
S100YDOK,9503,2024-03-31,inada-koji,Inada Koji,42000000,1,0
S100YDOK,9503,2024-03-31,araki-makoto,Araki Makoto,44000000,1,1
S100YDOK,9503,2024-03-31,shimamoto-yasuji,Shimamoto Yasuji,35000000,1,1
S100YDOK,9503,2024-03-31,nishizawa-nobuhiro,Nishizawa Nobuhiro,38000000,1,1
S100YE5Q,4042,2026-03-31,kuwada-mamoru,Kuwada Mamoru,132000000,0,1
S100YERJ,6923,2026-03-31,kaizumi-yasuaki,Kaizumi Yasuaki,225000000,0,1
S100YFQL,6367,2026-03-31,togawa-masanori,Togawa Masanori,429000000,0,1
S100YFQL,6367,2026-03-31,takenaka-naofumi,Takenaka Naofumi,306000000,0,1
S100YFQL,6367,2026-03-31,kanwal-jeet-jawa,Kanwal Jeet Jawa,223000000,0,1
S100YFQL,6367,2026-03-31,takahashi-koichi,Takahashi Koichi,183000000,0,1
S100YFXZ,9503,2026-03-31,mori-nozomu,Mori Nozomu,97000000,1,1
S100YFXZ,9503,2026-03-31,araki-makoto,Araki Makoto,70000000,1,1
S100YFXZ,9503,2026-03-31,ogawa-hiroshi,Ogawa Hiroshi,70000000,1,1
S100YFXZ,9503,2026-03-31,shimamoto-yasuji,Shimamoto Yasuji,36000000,1,1
S100YFXZ,9503,2026-03-31,nishizawa-nobuhiro,Nishizawa Nobuhiro,36000000,1,1
S100YG7B,5393,2026-03-31,kametsu-katsumi,Kametsu Katsumi,117000000,0,1
S100YGGI,1812,2026-03-31,oshimi-yoshikazu,Oshimi Yoshikazu,222000000,0,1
S100YGGI,1812,2026-03-31,amano-hiromasa,Amano Hiromasa,236000000,0,0
S100YGGI,1812,2026-03-31,koshijima-keisuke,Koshijima Keisuke,209000000,0,1
S100YGGI,1812,2026-03-31,kazama-masaru,Kazama Masaru,154000000,0,1
S100YGGI,1812,2026-03-31,ishikawa-hiroshi,Ishikawa Hiroshi,150000000,0,1
S100YGGI,1812,2026-03-31,katsumi-takeshi,Katsumi Takeshi,150000000,0,1
S100YGNL,3107,2026-03-31,nishimura-yukihiro,Nishimura Yukihiro,128000000,0,1
S100YGRD,3407,2026-03-31,kobori-hideki,Kobori Hideki,157000000,0,1
S100YGRD,3407,2026-03-31,kudo-koshiro,Kudo Koshiro,209000000,0,1
S100YH1G,3569,2026-03-31,kawada-tatsuo,Kawada Tatsuo,233000000,0,1
S100YH1G,3569,2026-03-31,ki-u,Ki U,195000000,0,1
S100YH1G,3569,2026-03-31,yamada-hideyuki,Yamada Hideyuki,158000000,0,1
S100YH1G,3569,2026-03-31,kawada-koji,Kawada Koji,133000000,0,1
S100YH1G,3569,2026-03-31,katsuki-tomofumi,Katsuki Tomofumi,109000000,0,1
S100YHH0,7634,2026-03-31,hoshi-masanari,Hoshi Masanari,168000000,0,1
S100YHHQ,7276,2026-03-31,otake-masahiro,Otake Masahiro,189000000,0,1
S100YHHQ,7276,2026-03-31,kato-michiaki,Kato Michiaki,177000000,0,1
S100YHHQ,7276,2026-03-31,uchiyama-masami,Uchiyama Masami,109000000,0,1
S100YHJQ,9936,2026-03-31,watanabe-naoto,Watanabe Naoto,197000000,0,1
S100YHJV,167A,2026-03-31,nakamura-moritaka,Nakamura Moritaka,120000000,0,1
S100YHL0,7867,2026-03-31,kojima-kazuhiro,Kojima Kazuhiro,120000000,0,1
S100YHL0,7867,2026-03-31,tomiyama-akio,Tomiyama Akio,120000000,0,1
S100YHM2,8050,2026-03-31,hattori-shinji,Hattori Shinji,280000000,0,1
S100YHM2,8050,2026-03-31,takahashi-shuji,Takahashi Shuji,147000000,0,1
S100YHPM,6237,2026-03-31,fujinaka-shigeru,Fujinaka Shigeru,240710000,0,1
S100YHPM,6237,2026-03-31,uchida-hideki,Uchida Hideki,143279000,0,1
S100YHPY,6981,2026-03-31,nakajima-norio,Nakajima Norio,177000000,0,1
S100YHPY,6981,2026-03-31,iwatsubo-hiroshi,Iwatsubo Hiroshi,117000000,0,1
S100YHUO,8801,2026-03-31,komoda-masanobu,Komoda Masanobu,548000000,0,1
S100YHUO,8801,2026-03-31,ueda-takashi,Ueda Takashi,611000000,0,1
S100YHUO,8801,2026-03-31,yamamoto-takashi,Yamamoto Takashi,227000000,0,1
S100YHUO,8801,2026-03-31,suzuki-shingo,Suzuki Shingo,170000000,0,1
S100YHUO,8801,2026-03-31,tokuda-makoto,Tokuda Makoto,168000000,0,1
S100YHUO,8801,2026-03-31,saito-yutaka,Saito Yutaka,131000000,0,1
S100YHUO,8801,2026-03-31,mochimaru-nobuhiko,Mochimaru Nobuhiko,131000000,0,1
S100YHUO,8801,2026-03-31,kaito-akiko,Kaito Akiko,110000000,0,1
S100YHW4,4686,2026-03-31,sekinada-kyotaro,Sekinada Kyotaro,148000000,0,1
S100YHX6,7177,2025-12-31,takashima-hideyuki,Takashima Hideyuki,144000000,0,1
S100YHXW,3289,2026-03-31,kiyoshi-kanazashi,Kiyoshi Kanazashi,167000000,0,1
S100YHXW,3289,2026-03-31,hironori-nishikawa,Hironori Nishikawa,167000000,0,1
S100YHXW,3289,2026-03-31,hoshino-hiroaki,Hoshino Hiroaki,133000000,0,1
S100YHXW,3289,2026-03-31,shouhei-kimura,Shouhei Kimura,125000000,0,1
S100YHXW,3289,2026-03-31,kobayashi-shunichi,Kobayashi Shunichi,121000000,0,1
S100YHXW,3289,2026-03-31,ikeuchi-takashi,Ikeuchi Takashi,121000000,0,1
S100YHZG,7011,2026-03-31,izumisawa-seiji,Izumisawa Seiji,332000000,0,1
S100YHZG,7011,2026-03-31,ito-eisaku,Ito Eisaku,276000000,0,1
S100YHZG,7011,2026-03-31,suematsu-masayuki,Suematsu Masayuki,110000000,0,1
S100YHZG,7011,2026-03-31,nishio-hiroshi,Nishio Hiroshi,55000000,1,1
S100YI0D,6804,2026-03-31,furuhashi-kenji,Furuhashi Kenji,162000000,0,1
S100YI1U,9401,2026-03-31,abe-ryujiro,Abe Ryujiro,112000000,0,1
S100YI3A,5021,2026-03-31,kiriyama-hiroshi,Kiriyama Hiroshi,176000000,0,1
S100YI3A,5021,2026-03-31,yamada-shigeru,Yamada Shigeru,206000000,0,1
S100YI52,9076,2026-03-31,taguchi-yoshitaka,Taguchi Yoshitaka,119000000,0,1
S100YI5D,8830,2026-03-31,onodera-kenichi,Onodera Kenichi,195000000,0,1
S100YI5D,8830,2026-03-31,nishima-kojun,Nishima Kojun,216000000,0,1
S100YI5D,8830,2026-03-31,kobayashi-masato,Kobayashi Masato,165000000,0,1
S100YI5D,8830,2026-03-31,odai-yoshiyuki,Odai Yoshiyuki,153000000,0,1
S100YI5D,8830,2026-03-31,katayama-hisatoshi,Katayama Hisatoshi,117000000,0,1
S100YI6G,7523,2026-03-31,nozawa-katsumi,Nozawa Katsumi,274909000,0,1
S100YIA1,5757,2026-03-31,tsuriya-hiroyuki,Tsuriya Hiroyuki,140000000,0,1
S100YIAY,7911,2026-03-31,kaneko-shingo,Kaneko Shingo,206000000,0,1
S100YIAY,7911,2026-03-31,maro-hideharu,Maro Hideharu,199000000,0,1
S100YIBH,4901,2026-03-31,sukeno-kenji,Sukeno Kenji,297000000,0,1
S100YIBH,4901,2026-03-31,goto-teiichi,Goto Teiichi,341000000,0,1
S100YIBH,4901,2026-03-31,higuchi-masayuki,Higuchi Masayuki,155000000,0,1
S100YIBH,4901,2026-03-31,hama-naoki,Hama Naoki,203000000,0,1
S100YIBH,4901,2026-03-31,yoshizawa-chisato,Yoshizawa Chisato,155000000,0,1
S100YIBH,4901,2026-03-31,ito-yoji,Ito Yoji,122000000,0,1
S100YIFD,4118,2026-03-31,sugawara-kimikazu,Sugawara Kimikazu,117000000,0,1
S100YIFD,4118,2026-03-31,fujii-kazuhiko,Fujii Kazuhiko,117000000,0,1
S100YIGB,1975,2026-03-31,takasu-yasutomo,Takasu Yasutomo,102000000,0,1
S100YIGL,9311,2026-03-31,kimura-tomomi,Kimura Tomomi,219199000,0,1
S100YIIM,9616,2026-03-31,ishizuka-haruhisa,Ishizuka Haruhisa,379000000,0,1
S100YIIM,9616,2026-03-31,nakamura-koji,Nakamura Koji,160000000,0,1
S100YIIM,9616,2026-03-31,ohara-yasuo,Ohara Yasuo,103000000,0,1
S100YIIM,9616,2026-03-31,takaku-manabu,Takaku Manabu,104000000,0,1
S100YIJB,7874,2026-03-31,aoki-mitsuo,Aoki Mitsuo,128000000,0,1
S100YIJB,7874,2026-03-31,aoki-isamu,Aoki Isamu,146000000,0,1
S100YIKX,5970,2026-03-31,takao-naohiro,Takao Naohiro,108000000,0,1
S100YILP,2269,2026-03-31,matsuda-katsunari,Matsuda Katsunari,145000000,0,1
S100YILP,2269,2026-03-31,yao-bunjiro,Yao Bunjiro,123000000,0,1
S100YIML,4021,2026-03-31,kinoshita-kojiro,Kinoshita Kojiro,100000000,0,1
S100YIML,4021,2026-03-31,yagi-shinsuke,Yagi Shinsuke,100000000,0,1
S100YINW,5016,2026-03-31,murayama-seiichi,Murayama Seiichi,123000000,0,1
S100YINW,5016,2026-03-31,hayashi-yoichi,Hayashi Yoichi,130000000,0,1
S100YIOW,4966,2026-03-31,uemura-hiroya,Uemura Hiroya,533000000,0,1
S100YIRG,8897,2026-03-31,shimada-kazuichi,Shimada Kazuichi,127000000,0,1
S100YISS,6479,2026-03-31,kainuma-yoshihisa,Kainuma Yoshihisa,397979000,0,1
S100YISS,6479,2026-03-31,yoshida-katsuhiko,Yoshida Katsuhiko,158082000,0,1
S100YISS,6479,2026-03-31,iwaya-ryozo,Iwaya Ryozo,135555000,0,1
S100YITC,1802,2026-03-31,takeo-obayashi,Takeo Obayashi,130000000,0,1
S100YITC,1802,2026-03-31,toshimi-sato,Toshimi Sato,188000000,0,1
S100YITC,1802,2026-03-31,atsushi-sasagawa,Atsushi Sasagawa,100000000,0,1
S100YITH,7717,2026-03-31,sugimoto-shigeto,Sugimoto Shigeto,142000000,0,1
S100YIY6,9856,2026-03-31,bando-tetsuyuki,Bando Tetsuyuki,365000000,0,1
S100YIY6,9856,2026-03-31,inoue-hisanao,Inoue Hisanao,241000000,0,1
S100YJ0H,2790,2026-03-31,ishida-yoshiko,Ishida Yoshiko,141000000,0,1
S100YJ18,285A,2026-03-31,ota-hiroo,Ota Hiroo,794000000,0,0
S100YJ18,285A,2026-03-31,stacy-j-smith,Stacy J Smith,3808000000,0,1
S100YJ5I,8803,2026-03-31,tsuchimoto-kiyoyuki,Tsuchimoto Kiyoyuki,104000000,0,1
S100YJ5L,429A,2026-03-31,michael-g-hadsell,Michael G Hadsell,217000000,0,1
S100YJ6N,5713,2026-03-31,nozaki-akira,Nozaki Akira,142000000,0,1
S100YJ6N,5713,2026-03-31,matsumoto-nobuhiro,Matsumoto Nobuhiro,147000000,0,1
S100YJDW,6806,2026-03-31,ishi-kazunori,Ishi Kazunori,114000000,0,1
S100YJDW,6806,2026-03-31,kamagata-shin,Kamagata Shin,115000000,0,1
S100YJF1,8869,2026-03-31,harada-hideaki,Harada Hideaki,237000000,0,1
S100YJFL,6436,2026-03-31,tsuda-hiroyuki,Tsuda Hiroyuki,152000000,0,1
S100YJFL,6436,2026-03-31,yamazaki-manabu,Yamazaki Manabu,137000000,0,1
S100YJPC,2980,2026-03-31,nishiyama-kazuo,Nishiyama Kazuo,101852000,0,1
S100YJPK,6420,2026-03-31,fukushima-go,Fukushima Go,100000000,0,1
S100YJQO,8306,2026-03-31,mike-kanetsugu,Mike Kanetsugu,200000000,0,1
S100YJQO,8306,2026-03-31,kamezawa-hironori,Kamezawa Hironori,357000000,0,1
S100YJQO,8306,2026-03-31,hanzawa-junichi,Hanzawa Junichi,314000000,0,1
S100YJQO,8306,2026-03-31,kobayashi-makoto,Kobayashi Makoto,236000000,0,1
S100YJQO,8306,2026-03-31,kubota-hiroshi,Kubota Hiroshi,216000000,0,1
S100YJQO,8306,2026-03-31,miyashita-yutaka,Miyashita Yutaka,143000000,0,0
S100YJQO,8306,2026-03-31,nakahama-fumitaka,Nakahama Fumitaka,143000000,0,0
S100YJQO,8306,2026-03-31,seki-hiroyuki,Seki Hiroyuki,187000000,0,0
S100YJQO,8306,2026-03-31,yokoyama-shuichi,Yokoyama Shuichi,127000000,0,0
S100YJQO,8306,2026-03-31,itagaki-yasushi,Itagaki Yasushi,161000000,0,0
S100YJQO,8306,2026-03-31,ihara-takafumi,Ihara Takafumi,158000000,0,0
S100YJQO,8306,2026-03-31,togawa-jun,Togawa Jun,126000000,0,0
S100YJQO,8306,2026-03-31,osawa-masakazu,Osawa Masakazu,145000000,0,0
S100YJQO,8306,2026-03-31,takase-hideaki,Takase Hideaki,145000000,0,0
S100YJQO,8306,2026-03-31,tsukiyama-keitaro,Tsukiyama Keitaro,109000000,0,0
S100YJQO,8306,2026-03-31,ochi-toshiki,Ochi Toshiki,109000000,0,0
S100YJQO,8306,2026-03-31,yamamoto-tadashi,Yamamoto Tadashi,110000000,0,0
S100YJQO,8306,2026-03-31,yokomaku-katsunori,Yokomaku Katsunori,107000000,0,0
S100YJUW,520A,2026-03-31,yoshitake-masuhiro,Yoshitake Masuhiro,140400000,0,1
S100YJUW,520A,2026-03-31,masuyama-keichi,Masuyama Keichi,122920000,0,0
S100Y9NX,7974,2026-03-31,furukawa-shuntaro,Furukawa Shuntaro,318000000,0,1
S100Y9NX,7974,2026-03-31,miyamoto-shigeru,Miyamoto Shigeru,246000000,0,1
S100Y9NX,7974,2026-03-31,takahashi-shinya,Takahashi Shinya,186000000,0,1
S100Y9NX,7974,2026-03-31,shibata-satoru,Shibata Satoru,164000000,0,1
S100YCJX,4661,2026-03-31,kagami-toshio,Kagami Toshio,104000000,0,1
S100YF9Q,6378,2026-03-31,kobayashi-yasumasa,Kobayashi Yasumasa,105000000,0,1
S100YFJK,1878,2026-03-31,takeuchi-kei,Takeuchi Kei,252000000,0,1
S100YFJK,1878,2026-03-31,mori-yoshihiro,Mori Yoshihiro,137000000,0,1
S100YFJK,1878,2026-03-31,amano-yutaka,Amano Yutaka,115000000,0,1
S100YFJK,1878,2026-03-31,tanaka-yoshimasa,Tanaka Yoshimasa,113000000,0,1
S100YFJK,1878,2026-03-31,okamoto-tsukasa,Okamoto Tsukasa,107000000,0,1
S100YG4D,6457,2026-03-31,miwa-motozumi,Miwa Motozumi,110000000,0,1
S100YG4D,6457,2026-03-31,harada-akihiro,Harada Akihiro,134000000,0,1
S100YG9D,9364,2026-03-31,fukai-yoshihiro,Fukai Yoshihiro,106000000,0,1
S100YGJ0,6644,2026-03-31,watanabe-yoshihide,Watanabe Yoshihide,117000000,0,1
S100YGVD,5444,2026-03-31,inoue-hiroyuki,Inoue Hiroyuki,118000000,0,1
S100YGVD,5444,2026-03-31,kobayashi-mikio,Kobayashi Mikio,115000000,0,1
S100YHJP,1719,2026-03-31,kuniya-kazuhiko,Kuniya Kazuhiko,101000000,0,1
S100YHUD,9956,2026-03-31,tashiro-masami,Tashiro Masami,183000000,0,1
S100YHW8,9027,2026-03-31,kimura-terumi,Kimura Terumi,107000000,0,1
S100YHXU,2433,2026-03-31,mizushima-masayuki,Mizushima Masayuki,123000000,0,1
S100YI30,6417,2026-03-31,busujima-hideyuki,Busujima Hideyuki,898000000,0,1
S100YI30,6417,2026-03-31,ogura-toshio,Ogura Toshio,103000000,0,1
S100YI4V,6507,2026-03-31,buto-shozo,Buto Shozo,130000000,0,1
S100YI96,7180,2026-03-31,koriyama-akihisa,Koriyama Akihisa,103000000,0,1
S100YI96,7180,2026-03-31,kasahara-yoshihisa,Kasahara Yoshihisa,103000000,0,1
S100YI9N,3941,2026-03-31,otsubo-kiyoshi,Otsubo Kiyoshi,177000000,0,1
S100YI9N,3941,2026-03-31,kawamoto-yosuke,Kawamoto Yosuke,155000000,0,1
S100YINV,2531,2026-03-31,kimura-mutsumi,Kimura Mutsumi,103000000,0,1
S100YIZ2,7932,2026-03-31,ito-takao,Ito Takao,182000000,0,0
S100YIZP,3465,2026-03-31,hanawa-keiji,Hanawa Keiji,276000000,0,1
S100YJ12,4205,2026-03-31,tanaka-kimiaki,Tanaka Kimiaki,125000000,0,1
S100YJ12,4205,2026-03-31,tetsuya-t-o-y-o-s-h-i-m-a,Tetsuya T O Y O S H I M A,125000000,0,1
S100YJ6R,5445,2026-03-31,yoshihara-tsunebumi,Yoshihara Tsunebumi,115000000,0,1
S100YJ6R,5445,2026-03-31,yoshihara-hidetaka,Yoshihara Hidetaka,117000000,0,1
S100YJ8J,3861,2026-03-31,kaku-masatoshi,Kaku Masatoshi,150000000,0,1
S100YJ8J,3861,2026-03-31,isono-hiroyuki,Isono Hiroyuki,150000000,0,1
S100YJCU,5947,2026-03-31,hayashi-kenji,Hayashi Kenji,107000000,0,1
S100YJCU,5947,2026-03-31,naito-hiroyasu,Naito Hiroyasu,107000000,0,1
S100YJE7,7951,2026-03-31,yamaura-atsushi,Yamaura Atsushi,125000000,0,1
S100YJGK,4095,2026-03-31,satomi-kazuichi,Satomi Kazuichi,117000000,0,1
S100YJPR,7185,2026-03-31,noichi-yusaku,Noichi Yusaku,157670000,0,1
S100YJPR,7185,2026-03-31,kinugawa-takahiro,Kinugawa Takahiro,155990000,0,1
S100YJPR,7185,2026-03-31,tomonobe-masaaki,Tomonobe Masaaki,158870000,0,1
S100YJPR,7185,2026-03-31,ishihara-ai,Ishihara Ai,153230000,0,1
S100YJRS,9065,2026-03-31,nakamura-kimikazu,Nakamura Kimikazu,175000000,0,1
S100YJRS,9065,2026-03-31,nakamura-kimihiro,Nakamura Kimihiro,250000000,0,1
S100YJSM,2831,2026-03-31,goto-yasuo,Goto Yasuo,147934000,0,1
S100YJTF,5334,2026-03-31,odo-shinichi,Odo Shinichi,167000000,0,1
S100YJTF,5334,2026-03-31,kawai-takeshi,Kawai Takeshi,167000000,0,1
S100YJUA,6525,2026-03-31,kazunori-tsukada,Kazunori Tsukada,152000000,0,1
S100YJUA,6525,2026-03-31,hidehiro-yanagawa,Hidehiro Yanagawa,107000000,0,1
S100YJVG,6890,2026-03-31,he-xian-han,He Xian Han,1498000000,0,1
S100YJVG,6890,2026-03-31,yamamura-takeru,Yamamura Takeru,139000000,0,1
S100YJVQ,1808,2026-03-31,tsuji-noriaki,Tsuji Noriaki,204000000,0,1
S100YJVQ,1808,2026-03-31,ikegami-kazuo,Ikegami Kazuo,197000000,0,1
S100YJVQ,1808,2026-03-31,kumano-satoshi,Kumano Satoshi,192000000,0,1
S100YJVQ,1808,2026-03-31,naraoka-shoji,Naraoka Shoji,129000000,0,1
S100YJVQ,1808,2026-03-31,mimori-kuniyoshi,Mimori Kuniyoshi,118000000,0,1
S100YJVQ,1808,2026-03-31,yamaguchi-toru,Yamaguchi Toru,101000000,0,1
S100YJWD,9831,2026-03-31,yamada-noboru,Yamada Noboru,478000000,0,1
S100YJYE,5233,2026-03-31,fushihara-masafumi,Fushihara Masafumi,122000000,0,1
S100YJYE,5233,2026-03-31,taura-yoshifumi,Taura Yoshifumi,136000000,0,1
S100YK21,1814,2026-03-31,murao-kazunori,Murao Kazunori,133000000,0,1
S100YK2Q,4521,2026-03-31,horiuchi-hiroyuki,Horiuchi Hiroyuki,106000000,0,1
S100YK39,7458,2026-03-31,hoshi-tadahiro,Hoshi Tadahiro,188000000,0,1
S100YK3R,8473,2026-03-31,kitao-yoshitaka,Kitao Yoshitaka,376000000,0,1
S100YK3R,8473,2026-03-31,takamura-masato,Takamura Masato,246000000,0,1
S100YK3R,8473,2026-03-31,asakura-tomoya,Asakura Tomoya,176000000,0,1
S100YK40,7414,2026-03-31,ono-ken,Ono Ken,104000000,0,0
S100YK7V,4719,2026-03-31,ishikawa-yuko,Ishikawa Yuko,113000000,0,1
S100YK8I,9733,2026-03-31,nagase-akiyuki,Nagase Akiyuki,117000000,0,1
S100YK8S,6257,2026-03-31,matsumoto-kunio,Matsumoto Kunio,264000000,0,1
S100YK8S,6257,2026-03-31,matsumoto-masao,Matsumoto Masao,144000000,0,1
S100YK9N,7735,2026-03-31,hiroe-toshio,Hiroe Toshio,176000000,0,1
S100YK9N,7735,2026-03-31,goto-masato,Goto Masato,147000000,0,1
S100YKA9,7550,2026-03-31,ogawa-kentaro,Ogawa Kentaro,493000000,0,0
S100YKA9,7550,2026-03-31,ogawa-yohei,Ogawa Yohei,197000000,0,1
S100YKBP,7731,2026-03-31,umatate-toshikazu,Umatate Toshikazu,109000000,0,1
S100YKBP,7731,2026-03-31,tokunari-muneaki,Tokunari Muneaki,109000000,0,1
S100YKCP,6113,2026-03-31,isobe-tsutomu,Isobe Tsutomu,116000000,0,1
S100YKCP,6113,2026-03-31,yamanashi-takaaki,Yamanashi Takaaki,116000000,0,1
S100YKCS,8473,2022-03-31,kitao-yoshitaka,Kitao Yoshitaka,293000000,0,1
S100YKCS,8473,2022-03-31,kawashima-katsuya,Kawashima Katsuya,589000000,0,0
S100YKCS,8473,2022-03-31,takamura-masato,Takamura Masato,173000000,0,1
S100YKD9,9171,2026-03-31,kuribayashi-hiroyoshi,Kuribayashi Hiroyoshi,131962000,0,1
S100YKE4,8473,2023-03-31,kitao-yoshitaka,Kitao Yoshitaka,296000000,0,1
S100YKEV,8473,2024-03-31,kitao-yoshitaka,Kitao Yoshitaka,301000000,0,1
S100YKEV,8473,2024-03-31,takamura-masato,Takamura Masato,184000000,0,1
S100YKEV,8473,2024-03-31,nakagawa-takashi,Nakagawa Takashi,110000000,0,0
S100YKEV,8473,2024-03-31,asakura-tomoya,Asakura Tomoya,116000000,0,1
S100YKFU,8473,2025-03-31,kitao-yoshitaka,Kitao Yoshitaka,329000000,0,1
S100YKFU,8473,2025-03-31,takamura-masato,Takamura Masato,207000000,0,1
S100YKFU,8473,2025-03-31,asakura-tomoya,Asakura Tomoya,129000000,0,1
S100YKFU,8473,2025-03-31,morita-shumpei,Morita Shumpei,104000000,0,0
S100YKG2,9433,2026-03-31,takahashi-makoto,Takahashi Makoto,201000000,0,1
S100YKG2,9433,2026-03-31,matsuda-hiromichi,Matsuda Hiromichi,283000000,0,1
S100YKG2,9433,2026-03-31,kuwahara-yasuaki,Kuwahara Yasuaki,132000000,0,0
S100YKG2,9433,2026-03-31,nanae-saishoji,Nanae Saishoji,100000000,0,1
S100YKG2,9433,2026-03-31,hiroshi-takezawa,Hiroshi Takezawa,100000000,0,0
S100YKK9,6625,2026-03-31,tanabe-junichi,Tanabe Junichi,120000000,0,1
S100YKKI,8935,2026-03-31,hida-yukiharu,Hida Yukiharu,178000000,0,1
S100YKL4,9202,2026-03-31,katanozaka-shinya,Katanozaka Shinya,107000000,0,1
S100YKL4,9202,2026-03-31,shibata-koji,Shibata Koji,120000000,0,1
S100YKL4,9202,2026-03-31,hidekazu-yoshida,Hidekazu Yoshida,114000000,0,0
S100YKPV,9769,2026-03-31,kawabata-shinichi,Kawabata Shinichi,101499000,0,1
S100YKQ4,7860,2026-03-31,matsuura-masato,Matsuura Masato,357000000,0,1
S100YKQ4,7860,2026-03-31,kuroiwa-katsumi,Kuroiwa Katsumi,167000000,0,1
S100YKQ4,7860,2026-03-31,hayashi-shinji,Hayashi Shinji,146000000,0,1
S100YKRT,6925,2026-03-31,asahi-takabumi,Asahi Takabumi,121000000,0,1
S100YKV1,9517,2026-03-31,honna-hitoshi,Honna Hitoshi,179000000,0,1
S100Y9O5,9035,2026-03-31,tanaka-ryouichirou,Tanaka Ryouichirou,289000000,0,1
S100YJO9,5280,2026-03-31,yoshida-tatsushi,Yoshida Tatsushi,359799000,0,1
S100YJO9,5280,2026-03-31,yoshida-naohiro,Yoshida Naohiro,271799000,0,1
S100YJZ2,3199,2026-03-31,nohara-isamu,Nohara Isamu,118000000,0,1
S100YJZ2,3199,2026-03-31,nohara-kanji,Nohara Kanji,211000000,0,0
S100YK28,8012,2026-03-31,ueshima-hiroyuki,Ueshima Hiroyuki,146000000,0,1
S100YKTA,6857,2026-03-31,douglas-lefever,Douglas Lefever,1217000000,0,1
S100YKTA,6857,2026-03-31,tsukui-koichi,Tsukui Koichi,254000000,0,1
S100YKX5,9766,2026-03-31,kozuki-kagemasa,Kozuki Kagemasa,336000000,0,1
S100YKX5,9766,2026-03-31,higashio-kimihiko,Higashio Kimihiko,366000000,0,1
S100YKX5,9766,2026-03-31,hayakawa-hideki,Hayakawa Hideki,235000000,0,1
S100YL2M,5802,2026-03-31,matsumoto-masayoshi,Matsumoto Masayoshi,309150000,0,1
S100YL2M,5802,2026-03-31,inoue-osamu,Inoue Osamu,232950000,0,1
S100YL2M,5802,2026-03-31,hato-hideo,Hato Hideo,138850000,0,1
S100YL2M,5802,2026-03-31,shirayama-masaki,Shirayama Masaki,115300000,0,1
S100YL2M,5802,2026-03-31,miyata-yasuhiro,Miyata Yasuhiro,112550000,0,1
S100YL7Q,9989,2026-03-31,sadakata-hiroshi,Sadakata Hiroshi,151000000,0,1
S100YLC6,6273,2026-03-31,takada-yoshiki,Takada Yoshiki,132000000,0,1
S100YLC6,6273,2026-03-31,kelley-stacy,Kelley Stacy,206000000,0,1
S100YLF7,6960,2026-03-31,fukuda-kotaro,Fukuda Kotaro,501000000,0,0
S100YLF7,6960,2026-03-31,shirai-daijiro,Shirai Daijiro,253000000,0,1
S100YLHU,6961,2026-03-31,yokota-daisuke,Yokota Daisuke,102000000,0,1
S100YLS8,8766,2026-03-31,satoru-komiya,Satoru Komiya,246000000,0,1
S100YLS8,8766,2026-03-31,koike-masahiro,Koike Masahiro,272000000,0,1
S100YLS8,8766,2026-03-31,kenji-okada,Kenji Okada,117000000,0,1
S100YLS8,8766,2026-03-31,kichiichiro-yamamoto,Kichiichiro Yamamoto,114000000,0,1
S100YLS8,8766,2026-03-31,shirota-hiroaki,Shirota Hiroaki,181000000,0,1
S100YLW0,7247,2025-03-31,ikuta-masaki,Ikuta Masaki,316000000,0,0
S100YM22,1866,2026-03-31,kitano-takahiro,Kitano Takahiro,112000000,0,1
S100YM3K,6702,2026-03-31,tokita-takahito,Tokita Takahito,868000000,0,1
S100YM3K,6702,2026-03-31,isobe-takeshi,Isobe Takeshi,357000000,0,1
S100YM3K,6702,2026-03-31,hiramatsu-hiroki,Hiramatsu Hiroki,222000000,0,1
S100YM3K,6702,2026-03-31,furuta-hidenori,Furuta Hidenori,132000000,0,0
S100YM8I,8698,2026-03-31,seimei-yuko,Seimei Yuko,191000000,0,1
S100YM8I,8698,2026-03-31,oyagi-takashi,Oyagi Takashi,191000000,0,1
S100YM8I,8698,2026-03-31,john-bartleman,John Bartleman,348000000,0,0
S100YM8I,8698,2026-03-31,hasuo-satoshi,Hasuo Satoshi,104000000,0,0
S100YJ4V,3156,2026-03-31,konno-kunihiro,Konno Kunihiro,145000000,0,1
S100YMT4,8136,2024-03-31,tsuji-tomokuni,Tsuji Tomokuni,127000000,0,1
S100YMT4,8136,2024-03-31,otsuka-yasuyuki,Otsuka Yasuyuki,109000000,0,1
S100YMT4,8136,2024-03-31,saito-kiyoshi,Saito Kiyoshi,113000000,0,1
S100YMTQ,6298,2026-03-31,momose-takefumi,Momose Takefumi,141000000,0,1
S100YMY4,8136,2025-03-31,tsuji-tomokuni,Tsuji Tomokuni,153000000,0,1
S100YMY4,8136,2025-03-31,saito-kiyoshi,Saito Kiyoshi,179000000,0,1
S100YN0V,9435,2026-03-31,wada-hideaki,Wada Hideaki,383000000,0,1
S100YN0V,9435,2026-03-31,takahashi-masato,Takahashi Masato,178000000,0,1
S100YNCJ,8725,2026-03-31,hara-noriyuki,Hara Noriyuki,226000000,0,1
S100YNCJ,8725,2026-03-31,kanasugi-yasuzo,Kanasugi Yasuzo,137000000,0,1
S100YNCJ,8725,2026-03-31,funabiki-shinichiro,Funabiki Shinichiro,226000000,0,1
S100YNCJ,8725,2026-03-31,niiro-keisuke,Niiro Keisuke,146000000,0,1
S100YNFT,9085,2026-03-31,hirao-kazuya,Hirao Kazuya,179119000,0,1
S100YNQJ,8154,2026-03-31,tsukamoto-isao,Tsukamoto Isao,357000000,0,1
S100YNQJ,8154,2026-03-31,kado-ryoichi,Kado Ryoichi,254000000,0,1
S100YNR0,8136,2026-03-31,tsuji-tomokuni,Tsuji Tomokuni,188000000,0,1
S100YNR0,8136,2026-03-31,saito-kiyoshi,Saito Kiyoshi,169000000,0,0
S100YOFN,4568,2026-03-31,m-a-n-a-b-e-s-u-n-a-o,M A N A B E S U N A O,253000000,0,1
S100YOFN,4568,2026-03-31,o-k-u-z-a-w-a-h-i-r-o-y-u-k-i,O K U Z A W A H I R O Y U K I,273000000,0,1
S100YOFN,4568,2026-03-31,m-a-t-s-u-m-o-t-o-t-a-k-a-s-h-i,M A T S U M O T O T A K A S H I,106000000,0,1
S100YOFN,4568,2026-03-31,joseph-kenneth-keller,Joseph Kenneth Keller,979000000,0,1
S100YOTC,8015,2023-03-31,murakami-nobuhiko,Murakami Nobuhiko,122000000,0,1
S100YOTC,8015,2023-03-31,kashitani-ichiro,Kashitani Ichiro,150000000,0,1
S100YOTI,8015,2024-03-31,murakami-nobuhiko,Murakami Nobuhiko,143000000,0,1
S100YOTI,8015,2024-03-31,kashitani-ichiro,Kashitani Ichiro,157000000,0,1
S100YOTN,8015,2025-03-31,murakami-nobuhiko,Murakami Nobuhiko,227000000,0,1
S100YOTN,8015,2025-03-31,kashitani-ichiro,Kashitani Ichiro,289000000,0,1
S100YOTT,8015,2026-03-31,murakami-nobuhiko,Murakami Nobuhiko,231000000,0,1
S100YOTT,8015,2026-03-31,kashitani-ichiro,Kashitani Ichiro,209000000,0,1
S100YOTT,8015,2026-03-31,imai-toshimitsu,Imai Toshimitsu,269000000,0,1
S100YOTT,8015,2026-03-31,iwamoto-hideyuki,Iwamoto Hideyuki,129000000,0,1
S100YOTT,8015,2026-03-31,watanuki-tatsuya,Watanuki Tatsuya,121000000,0,1
S100YOIE,4528,2026-03-31,sagara-gyo,Sagara Gyo,260000000,0,1
S100YOIE,4528,2026-03-31,takino-toichi,Takino Toichi,185000000,0,1
S100YOIE,4528,2026-03-31,tsujinaka-toshihiro,Tsujinaka Toshihiro,129000000,0,1
S100YPHI,7864,2026-03-31,okazaki-shigeko,Okazaki Shigeko,109000000,0,1
S100YITP,4203,2026-03-31,fujiwara-kazuhiko,Fujiwara Kazuhiko,110000000,0,1
S100YITP,4203,2026-03-31,kajiya-shinichi,Kajiya Shinichi,102000000,0,1
S100YQ6Y,8267,2026-02-28,okada-motoya,Okada Motoya,133000000,0,1
S100YQ6Y,8267,2026-02-28,yoshida-akio,Yoshida Akio,172000000,0,1
S100YQ6Y,8267,2026-02-28,tsuchiya-mitsuko,Tsuchiya Mitsuko,103000000,0,1
S100YRK7,2593,2026-04-30,honojo-hachiro,Honojo Hachiro,150000000,0,1
S100YRK7,2593,2026-04-30,honjo-daisuke,Honjo Daisuke,101000000,0,1
S100YR5P,1873,2026-04-30,narita-kazuyuki,Narita Kazuyuki,138000000,0,1
S100YQZ2,3524,2026-04-30,kobayashi-hiroaki,Kobayashi Hiroaki,118080000,0,1
S100YRAI,7245,2026-03-31,hanji-seigo,Hanji Seigo,155000000,0,1
S100YRAI,7245,2026-03-31,furukawa-tomomitsu,Furukawa Tomomitsu,103000000,0,1
S100YS0Y,8935,2026-03-31,hida-yukiharu,Hida Yukiharu,178000000,0,1
S100YS3Z,9024,2026-03-31,goto-takashi,Goto Takashi,207000000,0,1
S100YS3Z,9024,2026-03-31,nishiyama-ryuichiro,Nishiyama Ryuichiro,148000000,0,1
S100YS3Z,9024,2026-03-31,ogawa-shuichiro,Ogawa Shuichiro,106000000,0,1
S100YS3Z,9024,2026-03-31,kaneda-yoshiki,Kaneda Yoshiki,103000000,0,1
S100YS3Z,9024,2026-03-31,saito-tomohide,Saito Tomohide,108000000,0,1
S100YS6C,1766,2026-04-30,soda-yoshitake,Soda Yoshitake,398000000,0,1
S100YS88,7180,2026-03-31,koriyama-akihisa,Koriyama Akihisa,103000000,0,1
S100YS88,7180,2026-03-31,kasahara-yoshihisa,Kasahara Yoshihisa,103000000,0,1
S100YSGA,2502,2025-12-31,katsuki-atsushi,Katsuki Atsushi,253000000,0,1
S100YSGA,2502,2025-12-31,drahomira-mandikova,Drahomira Mandikova,114000000,0,0
S100YSOS,4552,2026-03-31,andrea-spezzi,Andrea Spezzi,143000000,0,1
S100YTDJ,9444,2025-04-30,ishida-nobufumi,Ishida Nobufumi,102600000,0,0
S100YTH3,4088,2021-03-31,toyoda-masahiro,Toyoda Masahiro,114000000,0,1
S100YTH3,4088,2021-03-31,toyoda-kikuo,Toyoda Kikuo,131000000,0,1
S100YTH3,4088,2021-03-31,shirai-kiyoshi,Shirai Kiyoshi,101000000,0,1
S100YTH5,4088,2022-03-31,toyoda-masahiro,Toyoda Masahiro,114000000,0,1
S100YTH5,4088,2022-03-31,toyoda-kikuo,Toyoda Kikuo,131000000,0,1
S100YTH5,4088,2022-03-31,shirai-kiyoshi,Shirai Kiyoshi,101000000,0,1
S100YTH8,4088,2023-03-31,toyoda-masahiro,Toyoda Masahiro,115000000,0,0
S100YTH8,4088,2023-03-31,toyoda-kikuo,Toyoda Kikuo,134000000,0,1
S100YTH8,4088,2023-03-31,shirai-kiyoshi,Shirai Kiyoshi,103000000,0,0
S100YTHB,4088,2024-03-31,toyoda-kikuo,Toyoda Kikuo,169000000,0,1
S100YTHB,4088,2024-03-31,matsubayashi-ryosuke,Matsubayashi Ryosuke,102000000,0,1
S100YTHD,4088,2025-03-31,toyoda-kikuo,Toyoda Kikuo,200000000,0,1
S100YTHD,4088,2025-03-31,matsubayashi-ryosuke,Matsubayashi Ryosuke,114000000,0,1
S100YTII,4088,2026-03-31,toyoda-kikuo,Toyoda Kikuo,145000000,0,0
S100YTII,4088,2026-03-31,matsubayashi-ryosuke,Matsubayashi Ryosuke,114000000,0,0
S100YT3M,2503,2025-12-31,isozaki-yoshinori,Isozaki Yoshinori,464000000,0,1
S100YT3M,2503,2025-12-31,minakata-takeshi,Minakata Takeshi,296000000,0,1
S100YT3M,2503,2025-12-31,tsuboi-junko,Tsuboi Junko,129000000,0,1
S100YT3M,2503,2025-12-31,yoshimura-toru,Yoshimura Toru,107000000,0,1
S100YTNF,7272,2025-12-31,watanabe-katsuaki,Watanabe Katsuaki,132000000,0,1
S100YTNF,7272,2025-12-31,hidaka-yoshihiro,Hidaka Yoshihiro,163000000,0,0
S100YTNH,7272,2024-12-31,watanabe-katsuaki,Watanabe Katsuaki,156000000,0,1
S100YTNH,7272,2024-12-31,hidaka-yoshihiro,Hidaka Yoshihiro,190000000,0,0
