# Municipality centroids: median of Geolonia Japanese-addresses (CC BY 4.0,
# https://github.com/geolonia/japanese-addresses, snapshot 2023-11-15).
# Attribution required wherever coordinates derived from this file are displayed.
code,pref,city,lat,lng
01101,北海道,札幌市中央区,43.05544,141.33734
01102,北海道,札幌市北区,43.11342,141.33846
01103,北海道,札幌市東区,43.09707,141.36837
01104,北海道,札幌市白石区,43.05232,141.41624
01105,北海道,札幌市豊平区,43.03204,141.38193
01106,北海道,札幌市南区,42.98553,141.33325
01107,北海道,札幌市西区,43.08136,141.29151
01108,北海道,札幌市厚別区,43.04,141.47532
01109,北海道,札幌市手稲区,43.12282,141.2478
01110,北海道,札幌市清田区,42.99513,141.45197
01202,北海道,函館市,41.79454,140.77429
01203,北海道,小樽市,43.18639,141.00112
01204,北海道,旭川市,43.77081,142.37837
01205,北海道,室蘭市,42.34027,140.98974
01206,北海道,釧路市,43.01146,144.32552
01207,北海道,帯広市,42.91232,143.19272
01208,北海道,北見市,43.80709,143.88774
01209,北海道,夕張市,43.04058,142.00884
01210,北海道,岩見沢市,43.19827,141.76124
01211,北海道,網走市,44.02087,144.26517
01212,北海道,留萌市,43.93696,141.64953
01213,北海道,苫小牧市,42.63764,141.59807
01214,北海道,稚内市,45.39603,141.68889
01215,北海道,美唄市,43.33267,141.8651
01216,北海道,芦別市,43.52322,142.18309
01217,北海道,江別市,43.11128,141.54736
01218,北海道,赤平市,43.55406,142.05602
01219,北海道,紋別市,44.34903,143.34726
01220,北海道,士別市,44.17526,142.39566
01221,北海道,名寄市,44.35339,142.45726
01222,北海道,三笠市,43.25287,141.91764
01223,北海道,根室市,43.32985,145.58235
01224,北海道,千歳市,42.82833,141.64458
01225,北海道,滝川市,43.56526,141.91549
01226,北海道,砂川市,43.49384,141.90898
01227,北海道,歌志内市,43.50463,142.03951
01228,北海道,深川市,43.72075,142.04851
01229,北海道,富良野市,43.32127,142.38626
01230,北海道,登別市,42.41199,141.09628
01231,北海道,恵庭市,42.89063,141.57924
01233,北海道,伊達市,42.49572,140.89099
01234,北海道,北広島市,42.97371,141.54584
01235,北海道,石狩市,43.16277,141.31503
01236,北海道,北斗市,41.82564,140.64015
01303,北海道,石狩郡当別町,43.22159,141.51571
01304,北海道,石狩郡新篠津村,43.22427,141.61425
01331,北海道,松前郡松前町,41.4527,140.09551
01332,北海道,松前郡福島町,41.47787,140.2305
01333,北海道,上磯郡知内町,41.5916,140.39927
01334,北海道,上磯郡木古内町,41.71026,140.44027
01337,北海道,亀田郡七飯町,41.88534,140.70715
01343,北海道,茅部郡鹿部町,42.01115,140.78706
01345,北海道,茅部郡森町,42.11035,140.60796
01346,北海道,二海郡八雲町,42.22427,140.26599
01347,北海道,山越郡長万部町,42.51818,140.34484
01361,北海道,檜山郡江差町,41.86753,140.13768
01362,北海道,檜山郡上ノ国町,41.76758,140.11226
01363,北海道,檜山郡厚沢部町,41.91912,140.30253
01364,北海道,爾志郡乙部町,42.00703,140.14161
01367,北海道,奥尻郡奥尻町,42.15015,139.4885
01370,北海道,瀬棚郡今金町,42.40811,140.03499
01371,北海道,久遠郡せたな町,42.3876,139.87665
01391,北海道,島牧郡島牧村,42.71731,140.08291
01392,北海道,寿都郡寿都町,42.79108,140.22784
01393,北海道,寿都郡黒松内町,42.68561,140.32567
01394,北海道,磯谷郡蘭越町,42.80388,140.48446
01395,北海道,虻田郡ニセコ町,42.79494,140.6855
01396,北海道,虻田郡真狩村,42.76003,140.80122
01397,北海道,虻田郡留寿都村,42.71892,140.88212
01398,北海道,虻田郡喜茂別町,42.78159,140.99519
01399,北海道,虻田郡京極町,42.86289,140.93005
01400,北海道,虻田郡倶知安町,42.90209,140.75463
01401,北海道,岩内郡共和町,42.98581,140.60488
01402,北海道,岩内郡岩内町,42.97943,140.51164
01403,北海道,古宇郡泊村,43.09316,140.51825
01404,北海道,古宇郡神恵内村,43.18137,140.40036
01405,北海道,積丹郡積丹町,43.30555,140.48167
01406,北海道,古平郡古平町,43.27849,140.64021
01407,北海道,余市郡仁木町,43.14878,140.76764
01408,北海道,余市郡余市町,43.19187,140.79135
01409,北海道,余市郡赤井川村,43.07819,140.83123
01423,北海道,空知郡南幌町,43.0623,141.64914
01424,北海道,空知郡奈井江町,43.41066,141.89302
01425,北海道,空知郡上砂川町,43.47526,142.00354
01427,北海道,夕張郡由仁町,42.98541,141.79697
01428,北海道,夕張郡長沼町,43.0075,141.69348
01429,北海道,夕張郡栗山町,43.05453,141.7931
01430,北海道,樺戸郡月形町,43.33181,141.65967
01431,北海道,樺戸郡浦臼町,43.44089,141.8046
01432,北海道,樺戸郡新十津川町,43.58947,141.8131
01433,北海道,雨竜郡妹背牛町,43.72859,141.93634
01434,北海道,雨竜郡秩父別町,43.77532,141.95661
01436,北海道,雨竜郡雨竜町,43.67041,141.88331
01437,北海道,雨竜郡北竜町,43.75064,141.83821
01438,北海道,雨竜郡沼田町,43.80918,141.93365
01452,北海道,上川郡鷹栖町,43.84103,142.33691
01453,北海道,上川郡東神楽町,43.70104,142.42338
01454,北海道,上川郡当麻町,43.83031,142.51984
01455,北海道,上川郡比布町,43.87712,142.47871
01456,北海道,上川郡愛別町,43.91559,142.59696
01457,北海道,上川郡上川町,43.84835,142.77598
01458,北海道,上川郡東川町,43.69887,142.51845
01459,北海道,上川郡美瑛町,43.58867,142.46734
01460,北海道,空知郡上富良野町,43.4634,142.46433
01461,北海道,空知郡中富良野町,43.39993,142.42373
01462,北海道,空知郡南富良野町,43.15182,142.542
01463,北海道,勇払郡占冠村,43.00069,142.45368
01464,北海道,上川郡和寒町,44.02422,142.41033
01465,北海道,上川郡剣淵町,44.09922,142.3579
01468,北海道,上川郡下川町,44.30397,142.64184
01469,北海道,中川郡美深町,44.483,142.34763
01470,北海道,中川郡音威子府村,44.71233,142.24434
01471,北海道,中川郡中川町,44.75513,142.05855
01472,北海道,雨竜郡幌加内町,44.04137,142.14966
01481,北海道,増毛郡増毛町,43.85357,141.52187
01482,北海道,留萌郡小平町,44.04476,141.71805
01483,北海道,苫前郡苫前町,44.27024,141.6894
01484,北海道,苫前郡羽幌町,44.36574,141.70504
01485,北海道,苫前郡初山別村,44.54342,141.80571
01486,北海道,天塩郡遠別町,44.71986,141.82448
01487,北海道,天塩郡天塩町,44.88607,141.74494
01511,北海道,宗谷郡猿払村,45.28871,142.11918
01512,北海道,枝幸郡浜頓別町,45.12498,142.36474
01513,北海道,枝幸郡中頓別町,44.93204,142.29391
01514,北海道,枝幸郡枝幸町,44.84498,142.56999
01516,北海道,天塩郡豊富町,45.10308,141.77648
01517,北海道,礼文郡礼文町,45.36283,141.01663
01518,北海道,利尻郡利尻町,45.15613,141.18134
01519,北海道,利尻郡利尻富士町,45.1916,141.2546
01520,北海道,天塩郡幌延町,45.01487,141.85033
01543,北海道,網走郡美幌町,43.82263,144.10459
01544,北海道,網走郡津別町,43.70529,144.02076
01545,北海道,斜里郡斜里町,43.90532,144.69538
01546,北海道,斜里郡清里町,43.78673,144.53585
01547,北海道,斜里郡小清水町,43.85742,144.47156
01549,北海道,常呂郡訓子府町,43.7251,143.73578
01550,北海道,常呂郡置戸町,43.68053,143.60345
01552,北海道,常呂郡佐呂間町,44.00713,143.76138
01555,北海道,紋別郡遠軽町,44.05549,143.52302
01559,北海道,紋別郡湧別町,44.17596,143.59533
01560,北海道,紋別郡滝上町,44.19237,143.07894
01561,北海道,紋別郡興部町,44.46822,143.1221
01562,北海道,紋別郡西興部村,44.34417,142.94028
01563,北海道,紋別郡雄武町,44.5446,142.88818
01564,北海道,網走郡大空町,43.91201,144.17503
01571,北海道,虻田郡豊浦町,42.60721,140.7014
01575,北海道,有珠郡壮瞥町,42.56559,140.93647
01578,北海道,白老郡白老町,42.55493,141.35132
01581,北海道,勇払郡厚真町,42.70741,141.88256
01584,北海道,虻田郡洞爺湖町,42.5962,140.78753
01585,北海道,勇払郡安平町,42.86851,141.81529
01586,北海道,勇払郡むかわ町,42.57979,141.92973
01601,北海道,沙流郡日高町,42.52936,142.11322
01602,北海道,沙流郡平取町,42.65669,142.21582
01604,北海道,新冠郡新冠町,42.41561,142.36318
01607,北海道,浦河郡浦河町,42.17684,142.77298
01608,北海道,様似郡様似町,42.1317,142.93871
01609,北海道,幌泉郡えりも町,42.038,143.19152
01610,北海道,日高郡新ひだか町,42.3409,142.37174
01631,北海道,河東郡音更町,42.97881,143.2024
01632,北海道,河東郡士幌町,43.16885,143.24809
01633,北海道,河東郡上士幌町,43.26155,143.2736
01634,北海道,河東郡鹿追町,43.11496,142.99705
01635,北海道,上川郡新得町,43.08339,142.83821
01636,北海道,上川郡清水町,43.01082,142.88907
01637,北海道,河西郡芽室町,42.91111,143.04757
01638,北海道,河西郡中札内村,42.69638,143.13278
01639,北海道,河西郡更別村,42.61046,143.24489
01641,北海道,広尾郡大樹町,42.49399,143.27618
01642,北海道,広尾郡広尾町,42.2917,143.31148
01643,北海道,中川郡幕別町,42.87555,143.29741
01644,北海道,中川郡池田町,42.92868,143.44811
01645,北海道,中川郡豊頃町,42.79624,143.51981
01646,北海道,中川郡本別町,43.12567,143.60891
01647,北海道,足寄郡足寄町,43.24437,143.54946
01648,北海道,足寄郡陸別町,43.47828,143.7414
01649,北海道,十勝郡浦幌町,42.80804,143.69553
01661,北海道,釧路郡釧路町,43.01998,144.45549
01662,北海道,厚岸郡厚岸町,43.05542,144.84357
01663,北海道,厚岸郡浜中町,43.15749,145.08892
01664,北海道,川上郡標茶町,43.29788,144.60382
01665,北海道,川上郡弟子屈町,43.4896,144.45237
01667,北海道,阿寒郡鶴居村,43.23164,144.31775
01668,北海道,白糠郡白糠町,42.97725,144.07731
01691,北海道,野付郡別海町,43.39695,145.00394
01692,北海道,標津郡中標津町,43.5507,144.97915
01693,北海道,標津郡標津町,43.66024,145.1283
01694,北海道,目梨郡羅臼町,44.02636,145.19466
02201,青森県,青森市,40.81063,140.73904
02202,青森県,弘前市,40.60001,140.47157
02203,青森県,八戸市,40.50585,141.49265
02204,青森県,黒石市,40.6474,140.60826
02205,青森県,五所川原市,40.80877,140.46395
02206,青森県,十和田市,40.61269,141.21489
02207,青森県,三沢市,40.68565,141.3801
02208,青森県,むつ市,41.29811,141.18851
02209,青森県,つがる市,40.81407,140.37969
02210,青森県,平川市,40.59569,140.56306
02301,青森県,東津軽郡平内町,40.92355,140.95689
02303,青森県,東津軽郡今別町,41.18917,140.51417
02304,青森県,東津軽郡蓬田村,40.9796,140.63904
02307,青森県,東津軽郡外ケ浜町,41.13644,140.59342
02321,青森県,西津軽郡鰺ヶ沢町,40.77316,140.21191
02323,青森県,西津軽郡深浦町,40.61442,139.95023
02343,青森県,中津軽郡西目屋村,40.54888,140.26943
02361,青森県,南津軽郡藤崎町,40.66628,140.50349
02362,青森県,南津軽郡大鰐町,40.52378,140.56526
02367,青森県,南津軽郡田舎館村,40.63893,140.53626
02381,青森県,北津軽郡板柳町,40.70784,140.47435
02384,青森県,北津軽郡鶴田町,40.75086,140.43298
02387,青森県,北津軽郡中泊町,40.95862,140.42003
02401,青森県,上北郡野辺地町,40.86476,141.1255
02402,青森県,上北郡七戸町,40.73214,141.14967
02405,青森県,上北郡六戸町,40.60671,141.31779
02406,青森県,上北郡横浜町,41.08599,141.2594
02408,青森県,上北郡東北町,40.78016,141.24083
02411,青森県,上北郡六ヶ所村,40.93388,141.33912
02412,青森県,上北郡おいらせ町,40.61827,141.39532
02423,青森県,下北郡大間町,41.49724,140.92211
02424,青森県,下北郡東通村,41.30759,141.3595
02425,青森県,下北郡風間浦村,41.47757,141.00636
02426,青森県,下北郡佐井村,41.35142,140.84964
02441,青森県,三戸郡三戸町,40.37791,141.25442
02442,青森県,三戸郡五戸町,40.53168,141.32628
02443,青森県,三戸郡田子町,40.29972,141.0813
02445,青森県,三戸郡南部町,40.4057,141.28942
02446,青森県,三戸郡階上町,40.44081,141.57564
02450,青森県,三戸郡新郷村,40.44316,141.14811
03201,岩手県,盛岡市,39.68862,141.15509
03202,岩手県,宮古市,39.63658,141.94058
03203,岩手県,大船渡市,39.08136,141.71601
03205,岩手県,花巻市,39.41067,141.13541
03206,岩手県,北上市,39.29877,141.09773
03207,岩手県,久慈市,40.18882,141.76109
03208,岩手県,遠野市,39.32737,141.56019
03209,岩手県,一関市,38.92947,141.14123
03210,岩手県,陸前高田市,39.01508,141.62742
03211,岩手県,釜石市,39.27389,141.87776
03213,岩手県,二戸市,40.27786,141.30159
03214,岩手県,八幡平市,40.02339,141.06941
03215,岩手県,奥州市,39.12313,141.14055
03216,岩手県,滝沢市,39.73003,141.07039
03301,岩手県,岩手郡雫石町,39.69439,140.96067
03302,岩手県,岩手郡葛巻町,40.00414,141.37371
03303,岩手県,岩手郡岩手町,39.96576,141.21331
03321,岩手県,紫波郡紫波町,39.55449,141.14624
03322,岩手県,紫波郡矢巾町,39.60615,141.14198
03366,岩手県,和賀郡西和賀町,39.33725,140.76342
03381,岩手県,胆沢郡金ケ崎町,39.19591,141.0821
03402,岩手県,西磐井郡平泉町,38.98308,141.11598
03441,岩手県,気仙郡住田町,39.20812,141.52259
03461,岩手県,上閉伊郡大槌町,39.36603,141.90587
03482,岩手県,下閉伊郡山田町,39.46452,141.95353
03483,岩手県,下閉伊郡岩泉町,39.84709,141.80161
03484,岩手県,下閉伊郡田野畑村,39.93113,141.85876
03485,岩手県,下閉伊郡普代村,40.00234,141.87552
03501,岩手県,九戸郡軽米町,40.30956,141.45935
03503,岩手県,九戸郡野田村,40.11011,141.81752
03506,岩手県,九戸郡九戸村,40.21472,141.44178
03507,岩手県,九戸郡洋野町,40.29774,141.68839
03524,岩手県,二戸郡一戸町,40.21163,141.29561
04101,宮城県,仙台市青葉区,38.27884,140.80036
04102,宮城県,仙台市宮城野区,38.27311,140.95374
04103,宮城県,仙台市若林区,38.22943,140.9395
04104,宮城県,仙台市太白区,38.21676,140.85837
04105,宮城県,仙台市泉区,38.32592,140.84698
04202,宮城県,石巻市,38.44677,141.31096
04203,宮城県,塩竈市,38.33028,141.03061
04205,宮城県,気仙沼市,38.8792,141.56601
04206,宮城県,白石市,37.99965,140.62019
04207,宮城県,名取市,38.16608,140.87688
04208,宮城県,角田市,38.00837,140.78154
04209,宮城県,多賀城市,38.29709,140.99078
04211,宮城県,岩沼市,38.113,140.85918
04212,宮城県,登米市,38.66602,141.2075
04213,宮城県,栗原市,38.7666,141.04668
04214,宮城県,東松島市,38.41594,141.17435
04215,宮城県,大崎市,38.57884,140.94989
04216,宮城県,富谷市,38.38533,140.89597
04301,宮城県,刈田郡蔵王町,38.09748,140.66835
04302,宮城県,刈田郡七ヶ宿町,38.00841,140.38003
04321,宮城県,柴田郡大河原町,38.0553,140.71648
04322,宮城県,柴田郡村田町,38.1226,140.73252
04323,宮城県,柴田郡柴田町,38.07039,140.78867
04324,宮城県,柴田郡川崎町,38.18314,140.63879
04341,宮城県,伊具郡丸森町,37.90631,140.76118
04361,宮城県,亘理郡亘理町,38.04646,140.87257
04362,宮城県,亘理郡山元町,37.95806,140.88308
04401,宮城県,宮城郡松島町,38.39587,141.07241
04404,宮城県,宮城郡七ヶ浜町,38.30068,141.06044
04406,宮城県,宮城郡利府町,38.3315,140.98008
04421,宮城県,黒川郡大和町,38.43258,140.90285
04422,宮城県,黒川郡大郷町,38.41683,141.02051
04424,宮城県,黒川郡大衡村,38.46171,140.88897
04444,宮城県,加美郡色麻町,38.54482,140.81658
04445,宮城県,加美郡加美町,38.57938,140.75381
04501,宮城県,遠田郡涌谷町,38.54285,141.13777
04505,宮城県,遠田郡美里町,38.55129,141.05324
04581,宮城県,牡鹿郡女川町,38.43877,141.44405
04606,宮城県,本吉郡南三陸町,38.68009,141.44807
05201,秋田県,秋田市,39.71491,140.12873
05202,秋田県,能代市,40.19589,140.0467
05203,秋田県,横手市,39.29711,140.51
05204,秋田県,大館市,40.25979,140.56775
05206,秋田県,男鹿市,39.93059,139.84196
05207,秋田県,湯沢市,39.16575,140.48169
05209,秋田県,鹿角市,40.2356,140.78879
05210,秋田県,由利本荘市,39.36925,140.06709
05211,秋田県,潟上市,39.86606,140.07168
05212,秋田県,大仙市,39.47821,140.48274
05213,秋田県,北秋田市,40.1893,140.36808
05214,秋田県,にかほ市,39.25805,139.92995
05215,秋田県,仙北市,39.62878,140.58193
05303,秋田県,鹿角郡小坂町,40.3235,140.74165
05327,秋田県,北秋田郡上小阿仁村,40.05795,140.30438
05346,秋田県,山本郡藤里町,40.33847,140.29225
05348,秋田県,山本郡三種町,40.09014,140.06334
05349,秋田県,山本郡八峰町,40.28616,140.06367
05361,秋田県,南秋田郡五城目町,39.94301,140.12393
05363,秋田県,南秋田郡八郎潟町,39.95195,140.07917
05366,秋田県,南秋田郡井川町,39.9064,140.11018
05368,秋田県,南秋田郡大潟村,40.01703,139.96298
05434,秋田県,仙北郡美郷町,39.42428,140.54506
05463,秋田県,雄勝郡羽後町,39.18632,140.42607
05464,秋田県,雄勝郡東成瀬村,39.1754,140.70999
06201,山形県,山形市,38.25294,140.32364
06202,山形県,米沢市,37.90998,140.11124
06203,山形県,鶴岡市,38.72681,139.83488
06204,山形県,酒田市,38.91183,139.86166
06205,山形県,新庄市,38.76345,140.30171
06206,山形県,寒河江市,38.37615,140.27916
06207,山形県,上山市,38.15979,140.28552
06208,山形県,村山市,38.48506,140.38865
06209,山形県,長井市,38.10675,140.03715
06210,山形県,天童市,38.35558,140.36938
06211,山形県,東根市,38.42668,140.39113
06212,山形県,尾花沢市,38.60533,140.41281
06213,山形県,南陽市,38.05305,140.14736
06301,山形県,東村山郡山辺町,38.28354,140.25847
06302,山形県,東村山郡中山町,38.33651,140.27619
06321,山形県,西村山郡河北町,38.42036,140.31233
06322,山形県,西村山郡西川町,38.45796,140.09385
06323,山形県,西村山郡朝日町,38.29804,140.13262
06324,山形県,西村山郡大江町,38.37593,140.15741
06341,山形県,北村山郡大石田町,38.59398,140.36779
06361,山形県,最上郡金山町,38.88058,140.32392
06362,山形県,最上郡最上町,38.76276,140.5151
06363,山形県,最上郡舟形町,38.69367,140.28614
06364,山形県,最上郡真室川町,38.89037,140.26976
06365,山形県,最上郡大蔵村,38.6809,140.229
06366,山形県,最上郡鮭川村,38.8169,140.21859
06367,山形県,最上郡戸沢村,38.74871,140.16833
06381,山形県,東置賜郡高畠町,37.99572,140.17742
06382,山形県,東置賜郡川西町,38.00507,140.06425
06401,山形県,西置賜郡小国町,38.05789,139.74913
06402,山形県,西置賜郡白鷹町,38.19905,140.09474
06403,山形県,西置賜郡飯豊町,37.93522,139.91701
06426,山形県,東田川郡三川町,38.793,139.84917
06428,山形県,東田川郡庄内町,38.8395,139.91084
06461,山形県,飽海郡遊佐町,39.02057,139.90674
07201,福島県,福島市,37.76122,140.44658
07202,福島県,会津若松市,37.51117,139.92273
07203,福島県,郡山市,37.40074,140.34783
07204,福島県,いわき市,37.02343,140.89095
07205,福島県,白河市,37.11654,140.24936
07207,福島県,須賀川市,37.29645,140.36972
07208,福島県,喜多方市,37.65075,139.87642
07209,福島県,相馬市,37.79084,140.92349
07210,福島県,二本松市,37.59714,140.45769
07211,福島県,田村市,37.42786,140.60144
07212,福島県,南相馬市,37.6297,140.97638
07213,福島県,伊達市,37.8247,140.58132
07214,福島県,本宮市,37.50578,140.39662
07301,福島県,伊達郡桑折町,37.85072,140.51996
07303,福島県,伊達郡国見町,37.88135,140.55514
07308,福島県,伊達郡川俣町,37.66765,140.59479
07322,福島県,安達郡大玉村,37.54235,140.36655
07342,福島県,岩瀬郡鏡石町,37.24614,140.35259
07344,福島県,岩瀬郡天栄村,37.24589,140.24609
07362,福島県,南会津郡下郷町,37.25986,139.88427
07364,福島県,南会津郡檜枝岐村,37.01892,139.38539
07367,福島県,南会津郡只見町,37.31835,139.37433
07368,福島県,南会津郡南会津町,37.19842,139.70382
07402,福島県,耶麻郡北塩原村,37.67113,139.97675
07405,福島県,耶麻郡西会津町,37.59073,139.64758
07407,福島県,耶麻郡磐梯町,37.56309,139.99091
07408,福島県,耶麻郡猪苗代町,37.56077,140.11503
07421,福島県,河沼郡会津坂下町,37.5598,139.8267
07422,福島県,河沼郡湯川村,37.56522,139.88567
07423,福島県,河沼郡柳津町,37.46289,139.70738
07444,福島県,大沼郡三島町,37.47219,139.65121
07445,福島県,大沼郡金山町,37.43345,139.52676
07446,福島県,大沼郡昭和村,37.32857,139.63929
07447,福島県,大沼郡会津美里町,37.45364,139.86579
07461,福島県,西白河郡西郷村,37.14519,140.16454
07464,福島県,西白河郡泉崎村,37.15829,140.3004
07465,福島県,西白河郡中島村,37.14475,140.36147
07466,福島県,西白河郡矢吹町,37.19357,140.3538
07481,福島県,東白川郡棚倉町,37.03356,140.38525
07482,福島県,東白川郡矢祭町,36.86691,140.428
07483,福島県,東白川郡塙町,36.95282,140.41225
07484,福島県,東白川郡鮫川村,37.03029,140.49876
07501,福島県,石川郡石川町,37.15016,140.44343
07502,福島県,石川郡玉川村,37.20928,140.43351
07503,福島県,石川郡平田村,37.21831,140.56625
07504,福島県,石川郡浅川町,37.08131,140.41884
07505,福島県,石川郡古殿町,37.10125,140.55158
07521,福島県,田村郡三春町,37.42622,140.48314
07522,福島県,田村郡小野町,37.2867,140.61604
07541,福島県,双葉郡広野町,37.21987,140.99367
07542,福島県,双葉郡楢葉町,37.27161,140.99916
07543,福島県,双葉郡富岡町,37.35921,140.99684
07544,福島県,双葉郡川内村,37.33254,140.81031
07545,福島県,双葉郡大熊町,37.40022,140.99693
07546,福島県,双葉郡双葉町,37.44949,141.00129
07547,福島県,双葉郡浪江町,37.49218,140.98177
07548,福島県,双葉郡葛尾村,37.50733,140.76069
07561,福島県,相馬郡新地町,37.86594,140.91431
07564,福島県,相馬郡飯舘村,37.68764,140.72649
08201,茨城県,水戸市,36.3749,140.45588
08202,茨城県,日立市,36.58166,140.64137
08203,茨城県,土浦市,36.08419,140.19376
08204,茨城県,古河市,36.19044,139.72193
08205,茨城県,石岡市,36.20059,140.26863
08207,茨城県,結城市,36.27619,139.86755
08208,茨城県,龍ヶ崎市,35.92522,140.17816
08210,茨城県,下妻市,36.187,139.968
08211,茨城県,常総市,36.06258,139.97688
08212,茨城県,常陸太田市,36.54971,140.51636
08214,茨城県,高萩市,36.71628,140.71383
08215,茨城県,北茨城市,36.80402,140.73639
08216,茨城県,笠間市,36.34778,140.29537
08217,茨城県,取手市,35.91134,140.06839
08219,茨城県,牛久市,35.97349,140.15338
08220,茨城県,つくば市,36.08012,140.09188
08221,茨城県,ひたちなか市,36.38563,140.55592
08222,茨城県,鹿嶋市,35.97193,140.62939
08223,茨城県,潮来市,35.9528,140.56993
08224,茨城県,守谷市,35.95049,139.98534
08225,茨城県,常陸大宮市,36.5744,140.37794
08226,茨城県,那珂市,36.46581,140.47893
08227,茨城県,筑西市,36.29919,139.98384
08228,茨城県,坂東市,36.05688,139.89792
08229,茨城県,稲敷市,35.93624,140.35992
08230,茨城県,かすみがうら市,36.12661,140.25197
08231,茨城県,桜川市,36.3554,140.10903
08232,茨城県,神栖市,35.87631,140.70355
08233,茨城県,行方市,36.0596,140.49047
08234,茨城県,鉾田市,36.17058,140.52771
08235,茨城県,つくばみらい市,35.98611,140.03158
08236,茨城県,小美玉市,36.21012,140.34883
08302,茨城県,東茨城郡茨城町,36.28815,140.41286
08309,茨城県,東茨城郡大洗町,36.31615,140.56948
08310,茨城県,東茨城郡城里町,36.47866,140.34918
08341,茨城県,那珂郡東海村,36.46766,140.56868
08364,茨城県,久慈郡大子町,36.78472,140.35707
08442,茨城県,稲敷郡美浦村,36.01435,140.32643
08443,茨城県,稲敷郡阿見町,36.0258,140.22216
08447,茨城県,稲敷郡河内町,35.87832,140.25783
08521,茨城県,結城郡八千代町,36.18297,139.90169
08542,茨城県,猿島郡五霞町,36.10218,139.74157
08546,茨城県,猿島郡境町,36.11086,139.81287
08564,茨城県,北相馬郡利根町,35.87057,140.15973
09201,栃木県,宇都宮市,36.55895,139.88158
09202,栃木県,足利市,36.33408,139.46307
09203,栃木県,栃木市,36.37661,139.7178
09204,栃木県,佐野市,36.32402,139.57917
09205,栃木県,鹿沼市,36.56055,139.74834
09206,栃木県,日光市,36.73943,139.64358
09208,栃木県,小山市,36.30851,139.80263
09209,栃木県,真岡市,36.43278,139.98477
09210,栃木県,大田原市,36.86304,140.04002
09211,栃木県,矢板市,36.80297,139.92749
09213,栃木県,那須塩原市,36.9376,139.99405
09214,栃木県,さくら市,36.70988,139.98746
09215,栃木県,那須烏山市,36.65689,140.13863
09216,栃木県,下野市,36.39096,139.85616
09301,栃木県,河内郡上三川町,36.44563,139.90829
09342,栃木県,芳賀郡益子町,36.46064,140.09643
09343,栃木県,芳賀郡茂木町,36.54848,140.18703
09344,栃木県,芳賀郡市貝町,36.56965,140.10767
09345,栃木県,芳賀郡芳賀町,36.5465,140.05187
09361,栃木県,下都賀郡壬生町,36.46087,139.82058
09364,栃木県,下都賀郡野木町,36.23055,139.74297
09384,栃木県,塩谷郡塩谷町,36.7636,139.85376
09386,栃木県,塩谷郡高根沢町,36.62236,140.00509
09407,栃木県,那須郡那須町,37.00201,140.13842
09411,栃木県,那須郡那珂川町,36.75149,140.1511
10201,群馬県,前橋市,36.39405,139.08071
10202,群馬県,高崎市,36.33228,139.00515
10203,群馬県,桐生市,36.41308,139.33763
10204,群馬県,伊勢崎市,36.31886,139.21309
10205,群馬県,太田市,36.29747,139.34361
10206,群馬県,沼田市,36.65364,139.06137
10207,群馬県,館林市,36.24612,139.53408
10208,群馬県,渋川市,36.50599,139.01563
10209,群馬県,藤岡市,36.23944,139.05985
10210,群馬県,富岡市,36.26382,138.8615
10211,群馬県,安中市,36.32442,138.8572
10212,群馬県,みどり市,36.47614,139.2963
10344,群馬県,北群馬郡榛東村,36.44649,138.96697
10345,群馬県,北群馬郡吉岡町,36.44369,139.00251
10366,群馬県,多野郡上野村,36.07399,138.77012
10367,群馬県,多野郡神流町,36.11004,138.88003
10382,群馬県,甘楽郡下仁田町,36.2107,138.76737
10383,群馬県,甘楽郡南牧村,36.15992,138.70266
10384,群馬県,甘楽郡甘楽町,36.23361,138.92614
10421,群馬県,吾妻郡中之条町,36.5984,138.83423
10424,群馬県,吾妻郡長野原町,36.54394,138.63474
10425,群馬県,吾妻郡嬬恋村,36.53326,138.5316
10426,群馬県,吾妻郡草津町,36.6184,138.5758
10428,群馬県,吾妻郡高山村,36.62243,138.93572
10429,群馬県,吾妻郡東吾妻町,36.53128,138.80908
10443,群馬県,利根郡片品村,36.76329,139.23117
10444,群馬県,利根郡川場村,36.70084,139.10543
10448,群馬県,利根郡昭和村,36.61984,139.10027
10449,群馬県,利根郡みなかみ町,36.73487,138.97042
10464,群馬県,佐波郡玉村町,36.30116,139.12635
10521,群馬県,邑楽郡板倉町,36.22662,139.62457
10522,群馬県,邑楽郡明和町,36.20788,139.53306
10523,群馬県,邑楽郡千代田町,36.21204,139.45334
10524,群馬県,邑楽郡大泉町,36.25569,139.41138
10525,群馬県,邑楽郡邑楽町,36.25714,139.4712
11101,埼玉県,さいたま市西区,35.9075,139.57654
11102,埼玉県,さいたま市北区,35.93288,139.61785
11103,埼玉県,さいたま市大宮区,35.90754,139.62767
11104,埼玉県,さいたま市見沼区,35.93787,139.66898
11105,埼玉県,さいたま市中央区,35.88264,139.6246
11106,埼玉県,さいたま市桜区,35.85552,139.6195
11107,埼玉県,さいたま市浦和区,35.87433,139.65367
11108,埼玉県,さいたま市南区,35.84265,139.65136
11109,埼玉県,さいたま市緑区,35.88247,139.69775
11110,埼玉県,さいたま市岩槻区,35.95092,139.70561
11201,埼玉県,川越市,35.91252,139.47704
11202,埼玉県,熊谷市,36.14873,139.3834
11203,埼玉県,川口市,35.82782,139.73244
11206,埼玉県,行田市,36.1377,139.45873
11207,埼玉県,秩父市,35.99967,139.07845
11208,埼玉県,所沢市,35.80085,139.45752
11209,埼玉県,飯能市,35.85849,139.30074
11210,埼玉県,加須市,36.12591,139.61924
11211,埼玉県,本庄市,36.23241,139.18065
11212,埼玉県,東松山市,36.03142,139.40239
11214,埼玉県,春日部市,35.97258,139.7612
11215,埼玉県,狭山市,35.85815,139.41161
11216,埼玉県,羽生市,36.17034,139.54427
11217,埼玉県,鴻巣市,36.06752,139.50758
11218,埼玉県,深谷市,36.19323,139.28429
11219,埼玉県,上尾市,35.97573,139.58271
11221,埼玉県,草加市,35.83991,139.80218
11222,埼玉県,越谷市,35.89024,139.79219
11223,埼玉県,蕨市,35.8251,139.68725
11224,埼玉県,戸田市,35.81325,139.66243
11225,埼玉県,入間市,35.82757,139.3823
11227,埼玉県,朝霞市,35.8082,139.59046
11228,埼玉県,志木市,35.8327,139.58028
11229,埼玉県,和光市,35.78847,139.61967
11230,埼玉県,新座市,35.78047,139.56025
11231,埼玉県,桶川市,36.00319,139.56728
11232,埼玉県,久喜市,36.07865,139.67834
11233,埼玉県,北本市,36.02773,139.53127
11234,埼玉県,八潮市,35.81606,139.83673
11235,埼玉県,富士見市,35.85184,139.54775
11237,埼玉県,三郷市,35.8399,139.86995
11238,埼玉県,蓮田市,35.9855,139.65451
11239,埼玉県,坂戸市,35.96101,139.38666
11240,埼玉県,幸手市,36.07429,139.72583
11241,埼玉県,鶴ヶ島市,35.93825,139.39967
11242,埼玉県,日高市,35.89249,139.33425
11243,埼玉県,吉川市,35.8861,139.85954
11245,埼玉県,ふじみ野市,35.871,139.5193
11246,埼玉県,白岡市,36.02444,139.66864
11301,埼玉県,北足立郡伊奈町,36.00971,139.6079
11324,埼玉県,入間郡三芳町,35.83219,139.53771
11326,埼玉県,入間郡毛呂山町,35.94418,139.32103
11327,埼玉県,入間郡越生町,35.96198,139.29841
11341,埼玉県,比企郡滑川町,36.04555,139.34864
11342,埼玉県,比企郡嵐山町,36.04939,139.32303
11343,埼玉県,比企郡小川町,36.06898,139.26085
11346,埼玉県,比企郡川島町,35.98627,139.48047
11347,埼玉県,比企郡吉見町,36.04068,139.46409
11348,埼玉県,比企郡鳩山町,35.98731,139.35232
11349,埼玉県,比企郡ときがわ町,36.00086,139.27118
11361,埼玉県,秩父郡横瀬町,35.96751,139.13127
11362,埼玉県,秩父郡皆野町,36.08419,139.08482
11363,埼玉県,秩父郡長瀞町,36.10956,139.11294
11365,埼玉県,秩父郡小鹿野町,36.02305,138.96617
11369,埼玉県,秩父郡東秩父村,36.04688,139.17533
11381,埼玉県,児玉郡美里町,36.18087,139.17511
11383,埼玉県,児玉郡神川町,36.20886,139.0945
11385,埼玉県,児玉郡上里町,36.24995,139.13093
11408,埼玉県,大里郡寄居町,36.10576,139.2036
11442,埼玉県,南埼玉郡宮代町,36.02284,139.72279
11464,埼玉県,北葛飾郡杉戸町,36.03606,139.73409
11465,埼玉県,北葛飾郡松伏町,35.92486,139.82502
12101,千葉県,千葉市中央区,35.60482,140.12652
12102,千葉県,千葉市花見川区,35.66846,140.08312
12103,千葉県,千葉市稲毛区,35.63627,140.10317
12104,千葉県,千葉市若葉区,35.62593,140.17853
12105,千葉県,千葉市緑区,35.54412,140.19278
12106,千葉県,千葉市美浜区,35.63621,140.05809
12202,千葉県,銚子市,35.73364,140.8141
12203,千葉県,市川市,35.71923,139.9233
12204,千葉県,船橋市,35.7197,140.01575
12205,千葉県,館山市,34.97502,139.86655
12206,千葉県,木更津市,35.37614,139.93586
12207,千葉県,松戸市,35.79932,139.92723
12208,千葉県,野田市,35.97071,139.84906
12210,千葉県,茂原市,35.43739,140.29807
12211,千葉県,成田市,35.79276,140.32905
12212,千葉県,佐倉市,35.7188,140.21528
12213,千葉県,東金市,35.56238,140.3743
12215,千葉県,旭市,35.72987,140.65475
12216,千葉県,習志野市,35.68271,140.03232
12217,千葉県,柏市,35.84945,139.97115
12218,千葉県,勝浦市,35.16288,140.27639
12219,千葉県,市原市,35.49646,140.1175
12220,千葉県,流山市,35.86503,139.91228
12221,千葉県,八千代市,35.71744,140.09872
12222,千葉県,我孫子市,35.86899,140.04663
12223,千葉県,鴨川市,35.11685,140.06304
12224,千葉県,鎌ヶ谷市,35.76628,140.00213
12225,千葉県,君津市,35.31095,139.93207
12226,千葉県,富津市,35.24627,139.88588
12227,千葉県,浦安市,35.64615,139.90469
12228,千葉県,四街道市,35.66664,140.18296
12229,千葉県,袖ヶ浦市,35.42816,140.00541
12230,千葉県,八街市,35.65253,140.29639
12231,千葉県,印西市,35.8053,140.16597
12232,千葉県,白井市,35.7929,140.05055
12233,千葉県,富里市,35.73895,140.32269
12234,千葉県,南房総市,35.04167,139.93938
12235,千葉県,匝瑳市,35.70704,140.53616
12236,千葉県,香取市,35.87186,140.52691
12237,千葉県,山武市,35.62133,140.42613
12238,千葉県,いすみ市,35.28423,140.34476
12239,千葉県,大網白里市,35.51456,140.32081
12322,千葉県,印旛郡酒々井町,35.72858,140.2767
12329,千葉県,印旛郡栄町,35.84219,140.24317
12342,千葉県,香取郡神崎町,35.89111,140.41171
12347,千葉県,香取郡多古町,35.75773,140.46879
12349,千葉県,香取郡東庄町,35.808,140.67095
12403,千葉県,山武郡九十九里町,35.52515,140.42827
12409,千葉県,山武郡芝山町,35.71772,140.41378
12410,千葉県,山武郡横芝光町,35.66919,140.48811
12421,千葉県,長生郡一宮町,35.37305,140.37044
12422,千葉県,長生郡睦沢町,35.35971,140.31948
12423,千葉県,長生郡長生村,35.41005,140.35512
12424,千葉県,長生郡白子町,35.45071,140.37935
12426,千葉県,長生郡長柄町,35.43567,140.22375
12427,千葉県,長生郡長南町,35.37917,140.24532
12441,千葉県,夷隅郡大多喜町,35.25309,140.23189
12443,千葉県,夷隅郡御宿町,35.18943,140.34328
12463,千葉県,安房郡鋸南町,35.1294,139.85783
13101,東京都,千代田区,35.69361,139.76241
13102,東京都,中央区,35.67656,139.77685
13103,東京都,港区,35.65769,139.73803
13104,東京都,新宿区,35.7,139.72288
13105,東京都,文京区,35.71715,139.74867
13106,東京都,台東区,35.71466,139.78643
13107,東京都,墨田区,35.70594,139.81214
13108,東京都,江東区,35.67549,139.81168
13109,東京都,品川区,35.61187,139.72305
13110,東京都,目黒区,35.62875,139.68893
13111,東京都,大田区,35.57391,139.71666
13112,東京都,世田谷区,35.64203,139.63685
13113,東京都,渋谷区,35.66577,139.69939
13114,東京都,中野区,35.71445,139.6658
13115,東京都,杉並区,35.69972,139.62211
13116,東京都,豊島区,35.73302,139.7128
13117,東京都,北区,35.76212,139.72961
13118,東京都,荒川区,35.74029,139.77784
13119,東京都,板橋区,35.77112,139.68137
13120,東京都,練馬区,35.74551,139.62261
13121,東京都,足立区,35.78027,139.79773
13122,東京都,葛飾区,35.75145,139.85685
13123,東京都,江戸川区,35.6978,139.87819
13201,東京都,八王子市,35.65633,139.32885
13202,東京都,立川市,35.71975,139.40759
13203,東京都,武蔵野市,35.70759,139.56098
13204,東京都,三鷹市,35.68627,139.5641
13205,東京都,青梅市,35.79053,139.27315
13206,東京都,府中市,35.67064,139.47765
13207,東京都,昭島市,35.70804,139.36635
13208,東京都,調布市,35.65733,139.55204
13209,東京都,町田市,35.5551,139.46468
13210,東京都,小金井市,35.70325,139.51108
13211,東京都,小平市,35.7288,139.48522
13212,東京都,日野市,35.66308,139.39265
13213,東京都,東村山市,35.7589,139.47059
13214,東京都,国分寺市,35.70667,139.46263
13215,東京都,国立市,35.68606,139.43677
13218,東京都,福生市,35.73664,139.32923
13219,東京都,狛江市,35.6354,139.57776
13220,東京都,東大和市,35.74662,139.43205
13221,東京都,清瀬市,35.78047,139.52337
13222,東京都,東久留米市,35.75485,139.52147
13223,東京都,武蔵村山市,35.75189,139.38379
13224,東京都,多摩市,35.62793,139.44066
13225,東京都,稲城市,35.63164,139.48772
13227,東京都,羽村市,35.76272,139.31384
13228,東京都,あきる野市,35.72711,139.28776
13229,東京都,西東京市,35.73519,139.55012
13303,東京都,西多摩郡瑞穂町,35.77586,139.33919
13305,東京都,西多摩郡日の出町,35.7549,139.24192
13307,東京都,西多摩郡檜原村,35.7305,139.12128
13308,東京都,西多摩郡奥多摩町,35.80717,139.11344
13361,東京都,大島町,34.767,139.37166
13363,東京都,新島村,34.37327,139.25611
13364,東京都,神津島村,34.20883,139.14142
13381,東京都,三宅村,34.0884,139.51635
13382,東京都,御蔵島村,33.89729,139.59589
13401,東京都,八丈町,33.12091,139.79154
13402,東京都,青ヶ島村,32.45983,139.76485
13421,東京都,小笠原村,26.66013,142.14287
14101,神奈川県,横浜市鶴見区,35.5092,139.67618
14102,神奈川県,横浜市神奈川区,35.48103,139.63004
14103,神奈川県,横浜市西区,35.45584,139.61984
14104,神奈川県,横浜市中区,35.44133,139.63776
14105,神奈川県,横浜市南区,35.43309,139.61405
14106,神奈川県,横浜市保土ケ谷区,35.45544,139.58698
14107,神奈川県,横浜市磯子区,35.39933,139.61484
14108,神奈川県,横浜市金沢区,35.34436,139.61977
14109,神奈川県,横浜市港北区,35.53602,139.62866
14110,神奈川県,横浜市戸塚区,35.39982,139.53439
14111,神奈川県,横浜市港南区,35.39816,139.57852
14112,神奈川県,横浜市旭区,35.47613,139.53344
14113,神奈川県,横浜市緑区,35.51161,139.53989
14114,神奈川県,横浜市瀬谷区,35.46776,139.48663
14115,神奈川県,横浜市栄区,35.3631,139.55954
14116,神奈川県,横浜市泉区,35.41614,139.50676
14117,神奈川県,横浜市青葉区,35.55965,139.53077
14118,神奈川県,横浜市都筑区,35.54797,139.57945
14131,神奈川県,川崎市川崎区,35.52438,139.71639
14132,神奈川県,川崎市幸区,35.54466,139.68683
14133,神奈川県,川崎市中原区,35.57844,139.65034
14134,神奈川県,川崎市高津区,35.59663,139.6159
14135,神奈川県,川崎市多摩区,35.61668,139.54384
14136,神奈川県,川崎市宮前区,35.58848,139.57781
14137,神奈川県,川崎市麻生区,35.60379,139.50552
14151,神奈川県,相模原市緑区,35.59503,139.3057
14152,神奈川県,相模原市中央区,35.56643,139.37467
14153,神奈川県,相模原市南区,35.52842,139.4202
14201,神奈川県,横須賀市,35.2558,139.66712
14203,神奈川県,平塚市,35.34513,139.33999
14204,神奈川県,鎌倉市,35.32421,139.53305
14205,神奈川県,藤沢市,35.3446,139.47314
14206,神奈川県,小田原市,35.27347,139.16715
14207,神奈川県,茅ヶ崎市,35.33457,139.41085
14208,神奈川県,逗子市,35.29839,139.57947
14210,神奈川県,三浦市,35.14681,139.62674
14211,神奈川県,秦野市,35.37451,139.2214
14212,神奈川県,厚木市,35.44912,139.35063
14213,神奈川県,大和市,35.47856,139.45635
14214,神奈川県,伊勢原市,35.39731,139.32056
14215,神奈川県,海老名市,35.44421,139.39299
14216,神奈川県,座間市,35.48432,139.41472
14217,神奈川県,南足柄市,35.31069,139.10346
14218,神奈川県,綾瀬市,35.43772,139.43302
14301,神奈川県,三浦郡葉山町,35.26869,139.59359
14321,神奈川県,高座郡寒川町,35.3691,139.39094
14341,神奈川県,中郡大磯町,35.31383,139.28763
14342,神奈川県,中郡二宮町,35.31115,139.24856
14361,神奈川県,足柄上郡中井町,35.33291,139.21058
14362,神奈川県,足柄上郡大井町,35.33437,139.16132
14363,神奈川県,足柄上郡松田町,35.35654,139.13597
14364,神奈川県,足柄上郡山北町,35.37248,139.04595
14366,神奈川県,足柄上郡開成町,35.32717,139.12722
14382,神奈川県,足柄下郡箱根町,35.23491,139.05238
14383,神奈川県,足柄下郡真鶴町,35.1626,139.13503
14384,神奈川県,足柄下郡湯河原町,35.14811,139.10522
14401,神奈川県,愛甲郡愛川町,35.52641,139.32774
14402,神奈川県,愛甲郡清川村,35.49217,139.23843
15101,新潟県,新潟市北区,37.9199,139.18681
15102,新潟県,新潟市東区,37.92075,139.10019
15103,新潟県,新潟市中央区,37.91745,139.04866
15104,新潟県,新潟市江南区,37.86758,139.10826
15105,新潟県,新潟市秋葉区,37.79805,139.11635
15106,新潟県,新潟市南区,37.77345,139.02262
15107,新潟県,新潟市西区,37.86945,138.97268
15108,新潟県,新潟市西蒲区,37.75529,138.90574
15202,新潟県,長岡市,37.45669,138.84536
15204,新潟県,三条市,37.61813,138.96831
15205,新潟県,柏崎市,37.36427,138.579
15206,新潟県,新発田市,37.95314,139.33515
15208,新潟県,小千谷市,37.30714,138.79542
15209,新潟県,加茂市,37.65937,139.05128
15210,新潟県,十日町市,37.1289,138.74913
15211,新潟県,見附市,37.52951,138.91662
15212,新潟県,村上市,38.22522,139.47959
15213,新潟県,燕市,37.66276,138.8838
15216,新潟県,糸魚川市,37.03638,137.89967
15217,新潟県,妙高市,37.01784,138.255
15218,新潟県,五泉市,37.73004,139.17961
15222,新潟県,上越市,37.13847,138.30693
15223,新潟県,阿賀野市,37.83089,139.23875
15224,新潟県,佐渡市,38.03023,138.33623
15225,新潟県,魚沼市,37.24831,138.97686
15226,新潟県,南魚沼市,37.06737,138.89772
15227,新潟県,胎内市,38.05961,139.40082
15307,新潟県,北蒲原郡聖籠町,37.97791,139.26305
15342,新潟県,西蒲原郡弥彦村,37.6914,138.85476
15361,新潟県,南蒲原郡田上町,37.69201,139.05832
15385,新潟県,東蒲原郡阿賀町,37.68914,139.44244
15405,新潟県,三島郡出雲崎町,37.53251,138.71468
15461,新潟県,南魚沼郡湯沢町,36.93614,138.81136
15482,新潟県,中魚沼郡津南町,36.97849,138.64057
15504,新潟県,刈羽郡刈羽村,37.42227,138.63005
15581,新潟県,岩船郡関川村,38.08981,139.55227
15586,新潟県,岩船郡粟島浦村,38.46547,139.25177
16201,富山県,富山市,36.68308,137.21745
16202,富山県,高岡市,36.7455,137.00754
16204,富山県,魚津市,36.81629,137.41571
16205,富山県,氷見市,36.85412,136.96397
16206,富山県,滑川市,36.75892,137.36376
16207,富山県,黒部市,36.86702,137.45353
16208,富山県,砺波市,36.63644,136.97227
16209,富山県,小矢部市,36.67187,136.86386
16210,富山県,南砺市,36.54116,136.91303
16211,富山県,射水市,36.72924,137.09287
16321,富山県,中新川郡舟橋村,36.70211,137.30607
16322,富山県,中新川郡上市町,36.70471,137.36156
16323,富山県,中新川郡立山町,36.65216,137.32413
16342,富山県,下新川郡入善町,36.92283,137.49675
16343,富山県,下新川郡朝日町,36.94181,137.55819
17201,石川県,金沢市,36.57802,136.66447
17202,石川県,七尾市,37.03961,136.95822
17203,石川県,小松市,36.38788,136.44898
17204,石川県,輪島市,37.34596,136.87616
17205,石川県,珠洲市,37.44452,137.26306
17206,石川県,加賀市,36.30747,136.35486
17207,石川県,羽咋市,36.89669,136.7839
17209,石川県,かほく市,36.72258,136.71231
17210,石川県,白山市,36.48661,136.57987
17211,石川県,能美市,36.44574,136.50292
17212,石川県,野々市市,36.52775,136.60443
17324,石川県,能美郡川北町,36.47198,136.53806
17361,石川県,河北郡津幡町,36.6721,136.75649
17365,石川県,河北郡内灘町,36.65539,136.65026
17384,石川県,羽咋郡志賀町,37.08048,136.77352
17386,石川県,羽咋郡宝達志水町,36.82649,136.77985
17407,石川県,鹿島郡中能登町,36.97258,136.9005
17461,石川県,鳳珠郡穴水町,37.23141,136.90712
17463,石川県,鳳珠郡能登町,37.32146,137.14714
18201,福井県,福井市,36.0609,136.21376
18202,福井県,敦賀市,35.64738,136.07185
18204,福井県,小浜市,35.49449,135.75242
18205,福井県,大野市,35.97738,136.51033
18206,福井県,勝山市,36.06593,136.49946
18207,福井県,鯖江市,35.95479,136.18481
18208,福井県,あわら市,36.2193,136.22687
18209,福井県,越前市,35.90233,136.16851
18210,福井県,坂井市,36.15526,136.23336
18322,福井県,吉田郡永平寺町,36.09099,136.3016
18382,福井県,今立郡池田町,35.89173,136.35833
18404,福井県,南条郡南越前町,35.80743,136.19346
18423,福井県,丹生郡越前町,35.96938,136.0834
18442,福井県,三方郡美浜町,35.60468,135.95338
18481,福井県,大飯郡高浜町,35.48907,135.52414
18483,福井県,大飯郡おおい町,35.44426,135.62064
18501,福井県,三方上中郡若狭町,35.50485,135.87478
19201,山梨県,甲府市,35.65873,138.56978
19202,山梨県,富士吉田市,35.49072,138.80559
19204,山梨県,都留市,35.55443,138.90806
19205,山梨県,山梨市,35.70501,138.69031
19206,山梨県,大月市,35.6122,138.95572
19207,山梨県,韮崎市,35.71138,138.44806
19208,山梨県,南アルプス市,35.61476,138.4697
19209,山梨県,北杜市,35.8156,138.40131
19210,山梨県,甲斐市,35.69673,138.52378
19211,山梨県,笛吹市,35.63141,138.65768
19212,山梨県,上野原市,35.62558,139.07815
19213,山梨県,甲州市,35.695,138.73813
19214,山梨県,中央市,35.59807,138.53023
19346,山梨県,西八代郡市川三郷町,35.53049,138.49058
19364,山梨県,南巨摩郡早川町,35.43084,138.35709
19365,山梨県,南巨摩郡身延町,35.45061,138.46181
19366,山梨県,南巨摩郡南部町,35.27381,138.4524
19368,山梨県,南巨摩郡富士川町,35.54622,138.44785
19384,山梨県,中巨摩郡昭和町,35.62797,138.53318
19422,山梨県,南都留郡道志村,35.52574,139.03488
19423,山梨県,南都留郡西桂町,35.52112,138.84391
19424,山梨県,南都留郡忍野村,35.45939,138.84271
19425,山梨県,南都留郡山中湖村,35.42625,138.86959
19429,山梨県,南都留郡鳴沢村,35.48133,138.71013
19430,山梨県,南都留郡富士河口湖町,35.49315,138.7189
19442,山梨県,北都留郡小菅村,35.75512,138.96046
19443,山梨県,北都留郡丹波山村,35.79001,138.92057
20201,長野県,長野市,36.63633,138.18372
20202,長野県,松本市,36.2225,137.96952
20203,長野県,上田市,36.39021,138.24424
20204,長野県,岡谷市,36.06448,138.05279
20205,長野県,飯田市,35.51558,137.82407
20206,長野県,諏訪市,36.03538,138.11807
20207,長野県,須坂市,36.64843,138.30736
20208,長野県,小諸市,36.32846,138.42906
20209,長野県,伊那市,35.8427,137.99127
20210,長野県,駒ヶ根市,35.73235,137.93768
20211,長野県,中野市,36.74857,138.36029
20212,長野県,大町市,36.50265,137.85383
20213,長野県,飯山市,36.86377,138.37117
20214,長野県,茅野市,36.00635,138.19526
20215,長野県,塩尻市,36.113,137.95703
20217,長野県,佐久市,36.23055,138.47251
20218,長野県,千曲市,36.52228,138.12821
20219,長野県,東御市,36.36136,138.34643
20220,長野県,安曇野市,36.31919,137.90288
20303,長野県,南佐久郡小海町,36.07596,138.45737
20304,長野県,南佐久郡川上村,35.95091,138.59255
20305,長野県,南佐久郡南牧村,35.98445,138.46439
20306,長野県,南佐久郡南相木村,36.03764,138.53836
20307,長野県,南佐久郡北相木村,36.06229,138.55883
20309,長野県,南佐久郡佐久穂町,36.13469,138.4839
20321,長野県,北佐久郡軽井沢町,36.3459,138.59189
20323,長野県,北佐久郡御代田町,36.30953,138.51643
20324,長野県,北佐久郡立科町,36.284,138.30344
20349,長野県,小県郡青木村,36.36122,138.12647
20350,長野県,小県郡長和町,36.23721,138.25768
20361,長野県,諏訪郡下諏訪町,36.07483,138.08666
20362,長野県,諏訪郡富士見町,35.91321,138.25569
20363,長野県,諏訪郡原村,35.96783,138.22573
20382,長野県,上伊那郡辰野町,35.98133,137.98224
20383,長野県,上伊那郡箕輪町,35.90696,138.00988
20384,長野県,上伊那郡飯島町,35.67972,137.9346
20385,長野県,上伊那郡南箕輪村,35.87871,137.96029
20386,長野県,上伊那郡中川村,35.63811,137.95681
20388,長野県,上伊那郡宮田村,35.76098,137.94133
20402,長野県,下伊那郡松川町,35.60484,137.89425
20403,長野県,下伊那郡高森町,35.57231,137.86209
20404,長野県,下伊那郡阿南町,35.32133,137.80551
20407,長野県,下伊那郡阿智村,35.44538,137.69379
20409,長野県,下伊那郡平谷村,35.32049,137.63216
20410,長野県,下伊那郡根羽村,35.25335,137.58778
20411,長野県,下伊那郡下條村,35.38855,137.77276
20412,長野県,下伊那郡売木村,35.27163,137.71005
20413,長野県,下伊那郡天龍村,35.26471,137.83257
20414,長野県,下伊那郡泰阜村,35.37473,137.84427
20415,長野県,下伊那郡喬木村,35.5079,137.88653
20416,長野県,下伊那郡豊丘村,35.54331,137.94725
20417,長野県,下伊那郡大鹿村,35.58001,138.07257
20422,長野県,木曽郡上松町,35.78189,137.69389
20423,長野県,木曽郡南木曽町,35.60134,137.60396
20425,長野県,木曽郡木祖村,35.96867,137.7519
20429,長野県,木曽郡王滝村,35.8103,137.54657
20430,長野県,木曽郡大桑村,35.70061,137.69626
20432,長野県,木曽郡木曽町,35.85048,137.69451
20446,長野県,東筑摩郡麻績村,36.459,138.0331
20448,長野県,東筑摩郡生坂村,36.42431,137.94155
20450,長野県,東筑摩郡山形村,36.16482,137.87187
20451,長野県,東筑摩郡朝日村,36.10309,137.84905
20452,長野県,東筑摩郡筑北村,36.40067,138.0226
20481,長野県,北安曇郡池田町,36.41138,137.89652
20482,長野県,北安曇郡松川村,36.42628,137.84955
20485,長野県,北安曇郡白馬村,36.68034,137.84425
20486,長野県,北安曇郡小谷村,36.82363,137.90513
20521,長野県,埴科郡坂城町,36.44776,138.18798
20541,長野県,上高井郡小布施町,36.69911,138.31133
20543,長野県,上高井郡高山村,36.6711,138.40137
20561,長野県,下高井郡山ノ内町,36.74338,138.41304
20562,長野県,下高井郡木島平村,36.86041,138.46432
20563,長野県,下高井郡野沢温泉村,36.93765,138.44756
20583,長野県,上水内郡信濃町,36.80185,138.21298
20588,長野県,上水内郡小川村,36.63148,137.96377
20590,長野県,上水内郡飯綱町,36.74431,138.23451
20602,長野県,下水内郡栄村,36.99825,138.56147
21201,岐阜県,岐阜市,35.41983,136.75671
21202,岐阜県,大垣市,35.35936,136.61571
21203,岐阜県,高山市,36.14343,137.25941
21204,岐阜県,多治見市,35.33811,137.12189
21205,岐阜県,関市,35.48514,136.91779
21206,岐阜県,中津川市,35.49691,137.50157
21207,岐阜県,美濃市,35.54296,136.90922
21208,岐阜県,瑞浪市,35.36071,137.2465
21209,岐阜県,羽島市,35.32968,136.69871
21210,岐阜県,恵那市,35.39726,137.398
21211,岐阜県,美濃加茂市,35.45156,137.0196
21212,岐阜県,土岐市,35.36119,137.18534
21213,岐阜県,各務原市,35.40483,136.86347
21214,岐阜県,可児市,35.40387,137.04961
21215,岐阜県,山県市,35.552,136.7658
21216,岐阜県,瑞穂市,35.40543,136.67955
21217,岐阜県,飛騨市,36.30725,137.19175
21218,岐阜県,本巣市,35.48678,136.65348
21219,岐阜県,郡上市,35.75972,136.95525
21220,岐阜県,下呂市,35.81871,137.21221
21221,岐阜県,海津市,35.21708,136.64216
21302,岐阜県,羽島郡岐南町,35.38681,136.78342
21303,岐阜県,羽島郡笠松町,35.36997,136.76053
21341,岐阜県,養老郡養老町,35.3028,136.56482
21361,岐阜県,不破郡垂井町,35.37674,136.52932
21362,岐阜県,不破郡関ケ原町,35.36395,136.46488
21381,岐阜県,安八郡神戸町,35.4127,136.60612
21382,岐阜県,安八郡輪之内町,35.28959,136.63651
21383,岐阜県,安八郡安八町,35.33225,136.66061
21401,岐阜県,揖斐郡揖斐川町,35.5018,136.55059
21403,岐阜県,揖斐郡大野町,35.46464,136.62455
21404,岐阜県,揖斐郡池田町,35.44825,136.56595
21421,岐阜県,本巣郡北方町,35.43223,136.69125
21501,岐阜県,加茂郡坂祝町,35.43676,136.9881
21502,岐阜県,加茂郡富加町,35.48588,136.97237
21503,岐阜県,加茂郡川辺町,35.49597,137.07741
21504,岐阜県,加茂郡七宗町,35.55078,137.11948
21505,岐阜県,加茂郡八百津町,35.48678,137.14825
21506,岐阜県,加茂郡白川町,35.60446,137.22443
21507,岐阜県,加茂郡東白川村,35.64641,137.32849
21521,岐阜県,可児郡御嵩町,35.43309,137.16064
21604,岐阜県,大野郡白川村,36.25239,136.89502
22101,静岡県,静岡市葵区,34.99472,138.37722
22102,静岡県,静岡市駿河区,34.95633,138.39428
22103,静岡県,静岡市清水区,35.01817,138.4806
22131,静岡県,浜松市中区,34.71542,137.72743
22132,静岡県,浜松市東区,34.74413,137.76985
22133,静岡県,浜松市西区,34.72871,137.65371
22134,静岡県,浜松市南区,34.68319,137.7641
22135,静岡県,浜松市北区,34.82156,137.65979
22136,静岡県,浜松市浜北区,34.79682,137.78429
22137,静岡県,浜松市天竜区,34.95337,137.83062
22203,静岡県,沼津市,35.10081,138.85719
22205,静岡県,熱海市,35.09738,139.0678
22206,静岡県,三島市,35.12218,138.92169
22207,静岡県,富士宮市,35.23524,138.60847
22208,静岡県,伊東市,34.96501,139.09395
22209,静岡県,島田市,34.83367,138.16448
22210,静岡県,富士市,35.15904,138.68361
22211,静岡県,磐田市,34.71362,137.8513
22212,静岡県,焼津市,34.86075,138.31292
22213,静岡県,掛川市,34.77298,138.0166
22214,静岡県,藤枝市,34.86654,138.25378
22215,静岡県,御殿場市,35.29809,138.92456
22216,静岡県,袋井市,34.75035,137.91994
22219,静岡県,下田市,34.68519,138.93941
22220,静岡県,裾野市,35.1965,138.90115
22221,静岡県,湖西市,34.72027,137.50262
22222,静岡県,伊豆市,34.93933,138.94689
22223,静岡県,御前崎市,34.64395,138.15228
22224,静岡県,菊川市,34.73877,138.09381
22225,静岡県,伊豆の国市,35.03157,138.95013
22226,静岡県,牧之原市,34.71185,138.18777
22301,静岡県,賀茂郡東伊豆町,34.83277,139.03556
22302,静岡県,賀茂郡河津町,34.77195,138.97459
22304,静岡県,賀茂郡南伊豆町,34.65927,138.83928
22305,静岡県,賀茂郡松崎町,34.7512,138.80109
22306,静岡県,賀茂郡西伊豆町,34.80699,138.78727
22325,静岡県,田方郡函南町,35.08671,138.95751
22341,静岡県,駿東郡清水町,35.09992,138.90381
22342,静岡県,駿東郡長泉町,35.14638,138.89647
22344,静岡県,駿東郡小山町,35.35057,138.96486
22424,静岡県,榛原郡吉田町,34.7726,138.25292
22429,静岡県,榛原郡川根本町,35.08695,138.12077
22461,静岡県,周智郡森町,34.85022,137.92853
23101,愛知県,名古屋市千種区,35.16676,136.95947
23102,愛知県,名古屋市東区,35.18253,136.93098
23103,愛知県,名古屋市北区,35.2008,136.91968
23104,愛知県,名古屋市西区,35.20399,136.88823
23105,愛知県,名古屋市中村区,35.1652,136.86129
23106,愛知県,名古屋市中区,35.1598,136.9043
23107,愛知県,名古屋市昭和区,35.14812,136.93996
23108,愛知県,名古屋市瑞穂区,35.12885,136.93369
23109,愛知県,名古屋市熱田区,35.12955,136.8986
23110,愛知県,名古屋市中川区,35.13849,136.86233
23111,愛知県,名古屋市港区,35.10574,136.85875
23112,愛知県,名古屋市南区,35.09542,136.92454
23113,愛知県,名古屋市守山区,35.22613,137.00473
23114,愛知県,名古屋市緑区,35.072,136.957
23115,愛知県,名古屋市名東区,35.1665,137.00295
23116,愛知県,名古屋市天白区,35.11967,136.98391
23201,愛知県,豊橋市,34.74711,137.39764
23202,愛知県,岡崎市,34.94028,137.17947
23203,愛知県,一宮市,35.30993,136.79651
23204,愛知県,瀬戸市,35.22321,137.09204
23205,愛知県,半田市,34.90347,136.9315
23206,愛知県,春日井市,35.2582,136.97946
23207,愛知県,豊川市,34.83356,137.36507
23208,愛知県,津島市,35.17447,136.75293
23209,愛知県,碧南市,34.88955,136.99913
23210,愛知県,刈谷市,34.99555,137.00918
23211,愛知県,豊田市,35.08095,137.16822
23212,愛知県,安城市,34.94299,137.08608
23213,愛知県,西尾市,34.83886,137.05882
23214,愛知県,蒲郡市,34.82128,137.2161
23215,愛知県,犬山市,35.36087,136.95572
23216,愛知県,常滑市,34.89284,136.85188
23217,愛知県,江南市,35.34144,136.87076
23219,愛知県,小牧市,35.29306,136.92863
23220,愛知県,稲沢市,35.24128,136.76859
23221,愛知県,新城市,34.90164,137.51171
23222,愛知県,東海市,35.02763,136.90992
23223,愛知県,大府市,35.02323,136.95355
23224,愛知県,知多市,34.96649,136.86552
23225,愛知県,知立市,35.00112,137.04729
23226,愛知県,尾張旭市,35.21278,137.0326
23227,愛知県,高浜市,34.93159,136.9933
23228,愛知県,岩倉市,35.27944,136.87082
23229,愛知県,豊明市,35.05726,137.01118
23230,愛知県,日進市,35.13476,137.04691
23231,愛知県,田原市,34.6447,137.2159
23232,愛知県,愛西市,35.18381,136.71704
23233,愛知県,清須市,35.21691,136.84795
23234,愛知県,北名古屋市,35.24551,136.87113
23235,愛知県,弥富市,35.10163,136.75196
23236,愛知県,みよし市,35.08697,137.0895
23237,愛知県,あま市,35.18986,136.79673
23238,愛知県,長久手市,35.18057,137.05028
23302,愛知県,愛知郡東郷町,35.09733,137.04969
23342,愛知県,西春日井郡豊山町,35.24741,136.91474
23361,愛知県,丹羽郡大口町,35.33478,136.91196
23362,愛知県,丹羽郡扶桑町,35.35863,136.906
23424,愛知県,海部郡大治町,35.17386,136.82191
23425,愛知県,海部郡蟹江町,35.13766,136.78642
23427,愛知県,海部郡飛島村,35.07945,136.79642
23441,愛知県,知多郡阿久比町,34.93583,136.91524
23442,愛知県,知多郡東浦町,34.97147,136.96191
23445,愛知県,知多郡南知多町,34.72773,136.92618
23446,愛知県,知多郡美浜町,34.7753,136.89079
23447,愛知県,知多郡武豊町,34.84456,136.90967
23501,愛知県,額田郡幸田町,34.86048,137.17171
23561,愛知県,北設楽郡設楽町,35.09771,137.57273
23562,愛知県,北設楽郡東栄町,35.08301,137.70549
23563,愛知県,北設楽郡豊根村,35.17718,137.72763
24201,三重県,津市,34.71589,136.48529
24202,三重県,四日市市,34.97155,136.61128
24203,三重県,伊勢市,34.49347,136.70936
24204,三重県,松阪市,34.57199,136.51827
24205,三重県,桑名市,35.06817,136.67326
24207,三重県,鈴鹿市,34.8724,136.5692
24208,三重県,名張市,34.62369,136.10718
24209,三重県,尾鷲市,34.06768,136.19733
24210,三重県,亀山市,34.85538,136.4488
24211,三重県,鳥羽市,34.46571,136.84579
24212,三重県,熊野市,33.91238,136.02648
24214,三重県,いなべ市,35.13609,136.52446
24215,三重県,志摩市,34.33019,136.82072
24216,三重県,伊賀市,34.76433,136.15719
24303,三重県,桑名郡木曽岬町,35.07307,136.73719
24324,三重県,員弁郡東員町,35.09112,136.59589
24341,三重県,三重郡菰野町,35.02616,136.51275
24343,三重県,三重郡朝日町,35.03829,136.65715
24344,三重県,三重郡川越町,35.02755,136.67888
24441,三重県,多気郡多気町,34.48847,136.54264
24442,三重県,多気郡明和町,34.56371,136.62579
24443,三重県,多気郡大台町,34.37146,136.35871
24461,三重県,度会郡玉城町,34.48728,136.62946
24470,三重県,度会郡度会町,34.41502,136.59043
24471,三重県,度会郡大紀町,34.37852,136.42902
24472,三重県,度会郡南伊勢町,34.29993,136.61431
24543,三重県,北牟婁郡紀北町,34.15708,136.26914
24561,三重県,南牟婁郡御浜町,33.83211,136.01116
24562,三重県,南牟婁郡紀宝町,33.76437,135.98597
25201,滋賀県,大津市,34.99442,135.90082
25202,滋賀県,彦根市,35.25691,136.24588
25203,滋賀県,長浜市,35.43719,136.25964
25204,滋賀県,近江八幡市,35.13408,136.09331
25206,滋賀県,草津市,35.00793,135.95587
25207,滋賀県,守山市,35.06,135.98792
25208,滋賀県,栗東市,35.0282,135.98836
25209,滋賀県,甲賀市,34.94432,136.17359
25210,滋賀県,野洲市,35.08539,136.02478
25211,滋賀県,湖南市,35.00669,136.06299
25212,滋賀県,高島市,35.35821,136.02073
25213,滋賀県,東近江市,35.11037,136.20207
25214,滋賀県,米原市,35.34914,136.348
25383,滋賀県,蒲生郡日野町,35.01587,136.24425
25384,滋賀県,蒲生郡竜王町,35.07337,136.11831
25425,滋賀県,愛知郡愛荘町,35.17116,136.23337
25441,滋賀県,犬上郡豊郷町,35.19755,136.22837
25442,滋賀県,犬上郡甲良町,35.20246,136.26197
25443,滋賀県,犬上郡多賀町,35.22728,136.32039
26101,京都府,京都市北区,35.0544,135.7414
26102,京都府,京都市上京区,35.02738,135.75052
26103,京都府,京都市左京区,35.04744,135.78963
26104,京都府,京都市中京区,35.01038,135.75665
26105,京都府,京都市東山区,34.9961,135.77401
26106,京都府,京都市下京区,34.99506,135.75598
26107,京都府,京都市南区,34.97385,135.74068
26108,京都府,京都市右京区,35.01923,135.70413
26109,京都府,京都市伏見区,34.94025,135.76487
26110,京都府,京都市山科区,34.98341,135.8142
26111,京都府,京都市西京区,34.97818,135.69118
26201,京都府,福知山市,35.30107,135.12579
26202,京都府,舞鶴市,35.46048,135.36241
26203,京都府,綾部市,35.30682,135.25624
26204,京都府,宇治市,34.89555,135.79746
26205,京都府,宮津市,35.53939,135.19633
26206,京都府,亀岡市,35.01833,135.55908
26207,京都府,城陽市,34.8422,135.78544
26208,京都府,向日市,34.94506,135.70586
26209,京都府,長岡京市,34.92364,135.68845
26210,京都府,八幡市,34.86721,135.71819
26211,京都府,京田辺市,34.81058,135.75913
26212,京都府,京丹後市,35.62662,135.05722
26213,京都府,南丹市,35.10014,135.49475
26214,京都府,木津川市,34.74693,135.83513
26303,京都府,乙訓郡大山崎町,34.9041,135.68766
26322,京都府,久世郡久御山町,34.88921,135.73919
26343,京都府,綴喜郡井手町,34.80918,135.80936
26344,京都府,綴喜郡宇治田原町,34.85225,135.8689
26364,京都府,相楽郡笠置町,34.76093,135.94954
26365,京都府,相楽郡和束町,34.7951,135.91585
26366,京都府,相楽郡精華町,34.75892,135.7856
26367,京都府,相楽郡南山城村,34.76611,135.99474
26407,京都府,船井郡京丹波町,35.16473,135.41838
26463,京都府,与謝郡伊根町,35.70821,135.27371
26465,京都府,与謝郡与謝野町,35.51567,135.09852
27102,大阪府,大阪市都島区,34.7098,135.52903
27103,大阪府,大阪市福島区,34.69321,135.47711
27104,大阪府,大阪市此花区,34.68073,135.44725
27106,大阪府,大阪市西区,34.67934,135.48595
27107,大阪府,大阪市港区,34.66175,135.45315
27108,大阪府,大阪市大正区,34.64766,135.47089
27109,大阪府,大阪市天王寺区,34.66045,135.52083
27111,大阪府,大阪市浪速区,34.65947,135.49546
27113,大阪府,大阪市西淀川区,34.70854,135.45056
27114,大阪府,大阪市東淀川区,34.74385,135.53228
27115,大阪府,大阪市東成区,34.6725,135.54653
27116,大阪府,大阪市生野区,34.65467,135.54228
27117,大阪府,大阪市旭区,34.72262,135.54759
27118,大阪府,大阪市城東区,34.69679,135.54818
27119,大阪府,大阪市阿倍野区,34.63514,135.51336
27120,大阪府,大阪市住吉区,34.6073,135.50292
27121,大阪府,大阪市東住吉区,34.62112,135.53274
27122,大阪府,大阪市西成区,34.64124,135.49185
27123,大阪府,大阪市淀川区,34.72764,135.48391
27124,大阪府,大阪市鶴見区,34.70279,135.57672
27125,大阪府,大阪市住之江区,34.61451,135.47491
27126,大阪府,大阪市平野区,34.61754,135.55792
27127,大阪府,大阪市北区,34.70476,135.50517
27128,大阪府,大阪市中央区,34.6819,135.5101
27141,大阪府,堺市堺区,34.57556,135.47515
27142,大阪府,堺市中区,34.524,135.50069
27143,大阪府,堺市東区,34.54335,135.53153
27144,大阪府,堺市西区,34.54251,135.45856
27145,大阪府,堺市南区,34.48802,135.49937
27146,大阪府,堺市北区,34.57193,135.50206
27147,大阪府,堺市美原区,34.53594,135.5595
27202,大阪府,岸和田市,34.46024,135.39092
27203,大阪府,豊中市,34.7771,135.47029
27204,大阪府,池田市,34.82089,135.43567
27205,大阪府,吹田市,34.78018,135.51725
27206,大阪府,泉大津市,34.50298,135.41502
27207,大阪府,高槻市,34.85365,135.60948
27208,大阪府,貝塚市,34.44062,135.36154
27209,大阪府,守口市,34.73513,135.57043
27210,大阪府,枚方市,34.8177,135.67872
27211,大阪府,茨木市,34.82342,135.56424
27212,大阪府,八尾市,34.62219,135.61115
27213,大阪府,泉佐野市,34.40796,135.32011
27214,大阪府,富田林市,34.49892,135.59664
27215,大阪府,寝屋川市,34.76603,135.62371
27216,大阪府,河内長野市,34.44257,135.56644
27217,大阪府,松原市,34.58192,135.55222
27218,大阪府,大東市,34.71072,135.62783
27219,大阪府,和泉市,34.47094,135.44782
27220,大阪府,箕面市,34.83375,135.48372
27221,大阪府,柏原市,34.58415,135.62995
27222,大阪府,羽曳野市,34.55431,135.58991
27223,大阪府,門真市,34.73505,135.60182
27224,大阪府,摂津市,34.77751,135.56402
27225,大阪府,高石市,34.52326,135.43861
27226,大阪府,藤井寺市,34.57304,135.60276
27227,大阪府,東大阪市,34.66991,135.59879
27228,大阪府,泉南市,34.36976,135.27248
27229,大阪府,四條畷市,34.73687,135.64523
27230,大阪府,交野市,34.77612,135.68058
27231,大阪府,大阪狭山市,34.49914,135.55006
27232,大阪府,阪南市,34.34074,135.23758
27301,大阪府,三島郡島本町,34.88412,135.66587
27321,大阪府,豊能郡豊能町,34.93189,135.49155
27322,大阪府,豊能郡能勢町,34.96439,135.41189
27341,大阪府,泉北郡忠岡町,34.48973,135.40077
27361,大阪府,泉南郡熊取町,34.39557,135.35902
27362,大阪府,泉南郡田尻町,34.39605,135.28735
27366,大阪府,泉南郡岬町,34.3147,135.16378
27381,大阪府,南河内郡太子町,34.52209,135.63962
27382,大阪府,南河内郡河南町,34.48433,135.63944
27383,大阪府,南河内郡千早赤阪村,34.44703,135.62946
28101,兵庫県,神戸市東灘区,34.72084,135.26944
28102,兵庫県,神戸市灘区,34.71475,135.22939
28105,兵庫県,神戸市兵庫区,34.67296,135.16596
28106,兵庫県,神戸市長田区,34.66455,135.14637
28107,兵庫県,神戸市須磨区,34.66433,135.11674
28108,兵庫県,神戸市垂水区,34.64292,135.05841
28109,兵庫県,神戸市北区,34.76232,135.15135
28110,兵庫県,神戸市中央区,34.69609,135.20031
28111,兵庫県,神戸市西区,34.70761,135.01537
28201,兵庫県,姫路市,34.83231,134.67893
28202,兵庫県,尼崎市,34.73127,135.41155
28203,兵庫県,明石市,34.65967,134.96872
28204,兵庫県,西宮市,34.74722,135.34379
28205,兵庫県,洲本市,34.34596,134.87278
28206,兵庫県,芦屋市,34.73122,135.30842
28207,兵庫県,伊丹市,34.78123,135.40631
28208,兵庫県,相生市,34.81649,134.46783
28209,兵庫県,豊岡市,35.50952,134.81907
28210,兵庫県,加古川市,34.77121,134.84892
28212,兵庫県,赤穂市,34.75562,134.3923
28213,兵庫県,西脇市,34.99727,134.97861
28214,兵庫県,宝塚市,34.82422,135.34657
28215,兵庫県,三木市,34.80171,135.02385
28216,兵庫県,高砂市,34.76628,134.7974
28217,兵庫県,川西市,34.86468,135.40943
28218,兵庫県,小野市,34.85665,134.93714
28219,兵庫県,三田市,34.90657,135.20137
28220,兵庫県,加西市,34.92383,134.84684
28221,兵庫県,丹波篠山市,35.07756,135.21955
28222,兵庫県,養父市,35.37257,134.75733
28223,兵庫県,丹波市,35.16578,135.05244
28224,兵庫県,南あわじ市,34.28992,134.76544
28225,兵庫県,朝来市,35.3329,134.84357
28226,兵庫県,淡路市,34.48773,134.90976
28227,兵庫県,宍粟市,35.0756,134.54528
28228,兵庫県,加東市,34.91782,134.97151
28229,兵庫県,たつの市,34.85836,134.54277
28301,兵庫県,川辺郡猪名川町,34.92545,135.3624
28365,兵庫県,多可郡多可町,35.06647,134.9151
28381,兵庫県,加古郡稲美町,34.74792,134.91124
28382,兵庫県,加古郡播磨町,34.71908,134.86825
28442,兵庫県,神崎郡市川町,35.00047,134.76414
28443,兵庫県,神崎郡福崎町,34.95396,134.75593
28446,兵庫県,神崎郡神河町,35.08181,134.76106
28464,兵庫県,揖保郡太子町,34.83055,134.58099
28481,兵庫県,赤穂郡上郡町,34.86903,134.36653
28501,兵庫県,佐用郡佐用町,35.00961,134.36587
28585,兵庫県,美方郡香美町,35.49386,134.59586
28586,兵庫県,美方郡新温泉町,35.58596,134.4822
29201,奈良県,奈良市,34.68542,135.80644
29202,奈良県,大和高田市,34.51055,135.74472
29203,奈良県,大和郡山市,34.64398,135.78329
29204,奈良県,天理市,34.59282,135.8316
29205,奈良県,橿原市,34.50577,135.79147
29206,奈良県,桜井市,34.516,135.86603
29207,奈良県,五條市,34.34128,135.71358
29208,奈良県,御所市,34.45536,135.73544
29209,奈良県,生駒市,34.70322,135.71252
29210,奈良県,香芝市,34.54401,135.69825
29211,奈良県,葛城市,34.49375,135.71472
29212,奈良県,宇陀市,34.49485,135.95869
29322,奈良県,山辺郡山添村,34.66953,136.03751
29342,奈良県,生駒郡平群町,34.63263,135.7012
29343,奈良県,生駒郡三郷町,34.60485,135.69234
29344,奈良県,生駒郡斑鳩町,34.60611,135.73165
29345,奈良県,生駒郡安堵町,34.60066,135.75687
29361,奈良県,磯城郡川西町,34.58593,135.76762
29362,奈良県,磯城郡三宅町,34.57368,135.77234
29363,奈良県,磯城郡田原本町,34.55395,135.79325
29385,奈良県,宇陀郡曽爾村,34.51227,136.11524
29386,奈良県,宇陀郡御杖村,34.47482,136.15387
29401,奈良県,高市郡高取町,34.4455,135.78611
29402,奈良県,高市郡明日香村,34.46495,135.82324
29424,奈良県,北葛城郡上牧町,34.56911,135.71448
29425,奈良県,北葛城郡王寺町,34.58553,135.69818
29426,奈良県,北葛城郡広陵町,34.55082,135.73291
29427,奈良県,北葛城郡河合町,34.58352,135.72932
29441,奈良県,吉野郡吉野町,34.39589,135.89126
29442,奈良県,吉野郡大淀町,34.40351,135.79748
29443,奈良県,吉野郡下市町,34.34218,135.79667
29444,奈良県,吉野郡黒滝村,34.31111,135.84361
29446,奈良県,吉野郡天川村,34.22541,135.84
29447,奈良県,吉野郡野迫川村,34.15807,135.6669
29449,奈良県,吉野郡十津川村,33.98176,135.76531
29450,奈良県,吉野郡下北山村,34.02188,135.94392
29451,奈良県,吉野郡上北山村,34.13521,136.01935
29452,奈良県,吉野郡川上村,34.31537,135.9879
29453,奈良県,吉野郡東吉野村,34.40517,136.01007
30201,和歌山県,和歌山市,34.23022,135.17534
30202,和歌山県,海南市,34.14581,135.22426
30203,和歌山県,橋本市,34.3266,135.61068
30204,和歌山県,有田市,34.0794,135.14767
30205,和歌山県,御坊市,33.88769,135.16397
30206,和歌山県,田辺市,33.75449,135.49916
30207,和歌山県,新宮市,33.72752,135.98675
30208,和歌山県,紀の川市,34.26594,135.37455
30209,和歌山県,岩出市,34.26974,135.31173
30304,和歌山県,海草郡紀美野町,34.15087,135.37367
30341,和歌山県,伊都郡かつらぎ町,34.28507,135.49677
30343,和歌山県,伊都郡九度山町,34.2724,135.56531
30344,和歌山県,伊都郡高野町,34.22923,135.62169
30361,和歌山県,有田郡湯浅町,34.03899,135.18259
30362,和歌山県,有田郡広川町,34.01002,135.18395
30366,和歌山県,有田郡有田川町,34.07703,135.28639
30381,和歌山県,日高郡美浜町,33.89135,135.1422
30382,和歌山県,日高郡日高町,33.92439,135.10903
30383,和歌山県,日高郡由良町,33.97207,135.11513
30390,和歌山県,日高郡印南町,33.86323,135.26617
30391,和歌山県,日高郡みなべ町,33.79446,135.32993
30392,和歌山県,日高郡日高川町,33.94189,135.30019
30401,和歌山県,西牟婁郡白浜町,33.64188,135.46612
30404,和歌山県,西牟婁郡上富田町,33.70548,135.43866
30406,和歌山県,西牟婁郡すさみ町,33.59235,135.60027
30421,和歌山県,東牟婁郡那智勝浦町,33.62853,135.91598
30422,和歌山県,東牟婁郡太地町,33.59233,135.94302
30424,和歌山県,東牟婁郡古座川町,33.57236,135.74123
30427,和歌山県,東牟婁郡北山村,33.95853,135.96645
30428,和歌山県,東牟婁郡串本町,33.50712,135.78579
31201,鳥取県,鳥取市,35.48785,134.21343
31202,鳥取県,米子市,35.43445,133.34104
31203,鳥取県,倉吉市,35.43056,133.81337
31204,鳥取県,境港市,35.54015,133.23306
31302,鳥取県,岩美郡岩美町,35.5483,134.34455
31325,鳥取県,八頭郡若桜町,35.33612,134.42461
31328,鳥取県,八頭郡智頭町,35.24592,134.22616
31329,鳥取県,八頭郡八頭町,35.38891,134.29704
31364,鳥取県,東伯郡三朝町,35.37621,133.88091
31370,鳥取県,東伯郡湯梨浜町,35.47684,133.9006
31371,鳥取県,東伯郡琴浦町,35.47585,133.66101
31372,鳥取県,東伯郡北栄町,35.47794,133.78066
31384,鳥取県,西伯郡日吉津村,35.44441,133.38315
31386,鳥取県,西伯郡大山町,35.48168,133.50169
31389,鳥取県,西伯郡南部町,35.34588,133.34398
31390,鳥取県,西伯郡伯耆町,35.35393,133.43306
31401,鳥取県,日野郡日南町,35.14889,133.27011
31402,鳥取県,日野郡日野町,35.21577,133.42251
31403,鳥取県,日野郡江府町,35.29726,133.51217
32201,島根県,松江市,35.46614,133.06205
32202,島根県,浜田市,34.8668,132.07971
32203,島根県,出雲市,35.36931,132.75697
32204,島根県,益田市,34.67303,131.8446
32205,島根県,大田市,35.14487,132.47476
32206,島根県,安来市,35.38932,133.24135
32207,島根県,江津市,34.98219,132.28201
32209,島根県,雲南市,35.30456,132.91217
32343,島根県,仁多郡奥出雲町,35.18531,133.02497
32386,島根県,飯石郡飯南町,35.04699,132.7316
32441,島根県,邑智郡川本町,35.00236,132.47791
32448,島根県,邑智郡美郷町,35.0474,132.5944
32449,島根県,邑智郡邑南町,34.87352,132.54766
32501,島根県,鹿足郡津和野町,34.51221,131.77648
32505,島根県,鹿足郡吉賀町,34.38745,131.91733
32525,島根県,隠岐郡海士町,36.09697,133.10747
32526,島根県,隠岐郡西ノ島町,36.11151,133.03416
32527,島根県,隠岐郡知夫村,36.01383,133.03252
32528,島根県,隠岐郡隠岐の島町,36.21391,133.32688
33101,岡山県,岡山市北区,34.67053,133.91064
33102,岡山県,岡山市中区,34.66113,133.94834
33103,岡山県,岡山市東区,34.66443,134.0412
33104,岡山県,岡山市南区,34.61365,133.93215
33202,岡山県,倉敷市,34.54243,133.76593
33203,岡山県,津山市,35.06337,134.00974
33204,岡山県,玉野市,34.49423,133.92873
33205,岡山県,笠岡市,34.49813,133.51387
33207,岡山県,井原市,34.62755,133.45509
33208,岡山県,総社市,34.67688,133.74462
33209,岡山県,高梁市,34.79494,133.59006
33210,岡山県,新見市,34.97263,133.45512
33211,岡山県,備前市,34.7554,134.21693
33212,岡山県,瀬戸内市,34.67178,134.1056
33213,岡山県,赤磐市,34.78613,134.03038
33214,岡山県,真庭市,35.08002,133.70963
33215,岡山県,美作市,35.02754,134.21221
33216,岡山県,浅口市,34.53861,133.58658
33346,岡山県,和気郡和気町,34.83854,134.13114
33423,岡山県,都窪郡早島町,34.61196,133.82783
33445,岡山県,浅口郡里庄町,34.50643,133.5508
33461,岡山県,小田郡矢掛町,34.62196,133.57969
33586,岡山県,真庭郡新庄村,35.18212,133.56864
33606,岡山県,苫田郡鏡野町,35.13124,133.91676
33622,岡山県,勝田郡勝央町,35.05188,134.12932
33623,岡山県,勝田郡奈義町,35.12368,134.18106
33643,岡山県,英田郡西粟倉村,35.179,134.32545
33663,岡山県,久米郡久米南町,34.91784,133.95358
33666,岡山県,久米郡美咲町,34.97531,134.00133
33681,岡山県,加賀郡吉備中央町,34.88224,133.76379
34101,広島県,広島市中区,34.38582,132.45103
34102,広島県,広島市東区,34.41629,132.49253
34103,広島県,広島市南区,34.37253,132.47784
34104,広島県,広島市西区,34.39087,132.41843
34105,広島県,広島市安佐南区,34.46023,132.45062
34106,広島県,広島市安佐北区,34.50926,132.51359
34107,広島県,広島市安芸区,34.38756,132.55401
34108,広島県,広島市佐伯区,34.38867,132.35992
34202,広島県,呉市,34.24648,132.57536
34203,広島県,竹原市,34.34063,132.91545
34204,広島県,三原市,34.39842,133.06156
34205,広島県,尾道市,34.41575,133.18048
34207,広島県,福山市,34.49369,133.37009
34208,広島県,府中市,34.58066,133.19822
34209,広島県,三次市,34.78772,132.86138
34210,広島県,庄原市,34.89126,133.03779
34211,広島県,大竹市,34.23203,132.21895
34212,広島県,東広島市,34.4345,132.73435
34213,広島県,廿日市市,34.33986,132.30141
34214,広島県,安芸高田市,34.66024,132.67924
34215,広島県,江田島市,34.24011,132.4742
34302,広島県,安芸郡府中町,34.39263,132.5099
34304,広島県,安芸郡海田町,34.36895,132.54085
34307,広島県,安芸郡熊野町,34.33836,132.58304
34309,広島県,安芸郡坂町,34.33755,132.50875
34368,広島県,山県郡安芸太田町,34.58472,132.24375
34369,広島県,山県郡北広島町,34.71336,132.44604
34431,広島県,豊田郡大崎上島町,34.2315,132.88383
34462,広島県,世羅郡世羅町,34.60753,133.02219
34545,広島県,神石郡神石高原町,34.73374,133.25684
35201,山口県,下関市,34.00567,130.9455
35202,山口県,宇部市,33.96349,131.25564
35203,山口県,山口市,34.16394,131.46614
35204,山口県,萩市,34.41593,131.40244
35206,山口県,防府市,34.05366,131.57135
35207,山口県,下松市,34.02125,131.86956
35208,山口県,岩国市,34.15584,132.18863
35210,山口県,光市,33.97483,131.95233
35211,山口県,長門市,34.37736,131.16942
35212,山口県,柳井市,33.96542,132.11238
35213,山口県,美祢市,34.18485,131.20122
35215,山口県,周南市,34.05857,131.80399
35216,山口県,山陽小野田市,33.99135,131.17775
35305,山口県,大島郡周防大島町,33.91685,132.29114
35321,山口県,玖珂郡和木町,34.20216,132.2188
35341,山口県,熊毛郡上関町,33.80301,132.10621
35343,山口県,熊毛郡田布施町,33.94057,132.03752
35344,山口県,熊毛郡平生町,33.92434,132.08964
35502,山口県,阿武郡阿武町,34.52954,131.56452
36201,徳島県,徳島市,34.06302,134.54579
36202,徳島県,鳴門市,34.16099,134.56416
36203,徳島県,小松島市,33.98634,134.58943
36204,徳島県,阿南市,33.92233,134.644
36205,徳島県,吉野川市,34.05449,134.23841
36206,徳島県,阿波市,34.08767,134.23321
36207,徳島県,美馬市,34.06765,134.14272
36208,徳島県,三好市,33.98155,133.8082
36301,徳島県,勝浦郡勝浦町,33.93627,134.51249
36302,徳島県,勝浦郡上勝町,33.90826,134.39557
36321,徳島県,名東郡佐那河内村,33.98151,134.45045
36341,徳島県,名西郡石井町,34.08055,134.43354
36342,徳島県,名西郡神山町,33.96701,134.35714
36368,徳島県,那賀郡那賀町,33.8222,134.36631
36383,徳島県,海部郡牟岐町,33.66951,134.42387
36387,徳島県,海部郡美波町,33.74465,134.53607
36388,徳島県,海部郡海陽町,33.60262,134.31689
36401,徳島県,板野郡松茂町,34.13864,134.58014
36402,徳島県,板野郡北島町,34.12897,134.55021
36403,徳島県,板野郡藍住町,34.12771,134.49234
36404,徳島県,板野郡板野町,34.13861,134.44708
36405,徳島県,板野郡上板町,34.11394,134.42136
36468,徳島県,美馬郡つるぎ町,34.03511,134.0628
36489,徳島県,三好郡東みよし町,34.02612,133.91734
37201,香川県,高松市,34.33362,134.04932
37202,香川県,丸亀市,34.28832,133.79738
37203,香川県,坂出市,34.31682,133.85311
37204,香川県,善通寺市,34.22892,133.78144
37205,香川県,観音寺市,34.1235,133.65703
37206,香川県,さぬき市,34.2711,134.20091
37207,香川県,東かがわ市,34.2363,134.32878
37208,香川県,三豊市,34.184,133.69479
37322,香川県,小豆郡土庄町,34.50665,134.20101
37324,香川県,小豆郡小豆島町,34.48026,134.30149
37341,香川県,木田郡三木町,34.25375,134.13905
37364,香川県,香川郡直島町,34.45989,133.98862
37386,香川県,綾歌郡宇多津町,34.30873,133.82605
37387,香川県,綾歌郡綾川町,34.22638,133.94828
37403,香川県,仲多度郡琴平町,34.1981,133.81854
37404,香川県,仲多度郡多度津町,34.27168,133.75344
37406,香川県,仲多度郡まんのう町,34.1648,133.8442
38201,愛媛県,松山市,33.84442,132.76909
38202,愛媛県,今治市,34.05942,132.9999
38203,愛媛県,宇和島市,33.21934,132.56023
38204,愛媛県,八幡浜市,33.45956,132.42523
38205,愛媛県,新居浜市,33.95712,133.29987
38206,愛媛県,西条市,33.9032,133.13884
38207,愛媛県,大洲市,33.5248,132.55237
38210,愛媛県,伊予市,33.73834,132.7052
38213,愛媛県,四国中央市,33.9782,133.5472
38214,愛媛県,西予市,33.38793,132.51764
38215,愛媛県,東温市,33.7914,132.88086
38356,愛媛県,越智郡上島町,34.26274,133.21119
38386,愛媛県,上浮穴郡久万高原町,33.6544,132.97081
38401,愛媛県,伊予郡松前町,33.79024,132.72575
38402,愛媛県,伊予郡砥部町,33.73055,132.78462
38422,愛媛県,喜多郡内子町,33.56719,132.70907
38442,愛媛県,西宇和郡伊方町,33.43717,132.20948
38484,愛媛県,北宇和郡松野町,33.2242,132.7173
38488,愛媛県,北宇和郡鬼北町,33.27566,132.70075
38506,愛媛県,南宇和郡愛南町,32.95447,132.53697
39201,高知県,高知市,33.55899,133.53636
39202,高知県,室戸市,33.30715,134.14509
39203,高知県,安芸市,33.50719,133.90548
39204,高知県,南国市,33.58056,133.64354
39205,高知県,土佐市,33.47474,133.38954
39206,高知県,須崎市,33.40148,133.29055
39208,高知県,宿毛市,32.93511,132.71847
39209,高知県,土佐清水市,32.7844,132.95132
39210,高知県,四万十市,32.99397,132.93259
39211,高知県,香南市,33.56478,133.72461
39212,高知県,香美市,33.64567,133.73411
39301,高知県,安芸郡東洋町,33.54426,134.27589
39302,高知県,安芸郡奈半利町,33.42695,134.06009
39303,高知県,安芸郡田野町,33.43334,134.01004
39304,高知県,安芸郡安田町,33.49053,134.00388
39305,高知県,安芸郡北川村,33.50428,134.1053
39306,高知県,安芸郡馬路村,33.61449,134.08474
39307,高知県,安芸郡芸西村,33.55885,133.82834
39341,高知県,長岡郡本山町,33.76162,133.58894
39344,高知県,長岡郡大豊町,33.78723,133.73781
39363,高知県,土佐郡土佐町,33.72973,133.5162
39364,高知県,土佐郡大川村,33.79477,133.40739
39386,高知県,吾川郡いの町,33.5531,133.41732
39387,高知県,吾川郡仁淀川町,33.58275,133.15246
39401,高知県,高岡郡中土佐町,33.34237,133.13657
39402,高知県,高岡郡佐川町,33.50261,133.27701
39403,高知県,高岡郡越知町,33.54291,133.23529
39405,高知県,高岡郡檮原町,33.39906,132.92324
39410,高知県,高岡郡日高村,33.54871,133.34529
39411,高知県,高岡郡津野町,33.43822,133.174
39412,高知県,高岡郡四万十町,33.22236,133.11516
39424,高知県,幡多郡大月町,32.80123,132.71977
39427,高知県,幡多郡三原村,32.90327,132.85507
39428,高知県,幡多郡黒潮町,33.072,133.07957
40101,福岡県,北九州市門司区,33.91315,130.9564
40103,福岡県,北九州市若松区,33.89875,130.75954
40105,福岡県,北九州市戸畑区,33.89129,130.82875
40106,福岡県,北九州市小倉北区,33.87733,130.87788
40107,福岡県,北九州市小倉南区,33.82998,130.90117
40108,福岡県,北九州市八幡東区,33.86476,130.81599
40109,福岡県,北九州市八幡西区,33.84808,130.73975
40131,福岡県,福岡市東区,33.65121,130.43588
40132,福岡県,福岡市博多区,33.57887,130.4452
40133,福岡県,福岡市中央区,33.58388,130.38838
40134,福岡県,福岡市南区,33.54831,130.41451
40135,福岡県,福岡市西区,33.57706,130.30424
40136,福岡県,福岡市城南区,33.55537,130.3706
40137,福岡県,福岡市早良区,33.54993,130.34077
40202,福岡県,大牟田市,33.02902,130.44914
40203,福岡県,久留米市,33.31697,130.53101
40204,福岡県,直方市,33.74878,130.72876
40205,福岡県,飯塚市,33.63499,130.68082
40206,福岡県,田川市,33.63717,130.80278
40207,福岡県,柳川市,33.16461,130.40828
40210,福岡県,八女市,33.21189,130.58139
40211,福岡県,筑後市,33.2036,130.48856
40212,福岡県,大川市,33.20452,130.38891
40213,福岡県,行橋市,33.72011,130.97549
40214,福岡県,豊前市,33.59746,131.12311
40215,福岡県,中間市,33.82005,130.72054
40216,福岡県,小郡市,33.41864,130.5607
40217,福岡県,筑紫野市,33.48634,130.52833
40218,福岡県,春日市,33.52627,130.45462
40219,福岡県,大野城市,33.53115,130.48081
40220,福岡県,宗像市,33.80459,130.56402
40221,福岡県,太宰府市,33.51121,130.51557
40223,福岡県,古賀市,33.73443,130.47307
40224,福岡県,福津市,33.7716,130.48824
40225,福岡県,うきは市,33.34148,130.77271
40226,福岡県,宮若市,33.72792,130.62039
40227,福岡県,嘉麻市,33.54764,130.73177
40228,福岡県,朝倉市,33.39806,130.68991
40229,福岡県,みやま市,33.12325,130.48248
40230,福岡県,糸島市,33.55549,130.19988
40231,福岡県,那珂川市,33.51069,130.42419
40341,福岡県,糟屋郡宇美町,33.56656,130.52544
40342,福岡県,糟屋郡篠栗町,33.62855,130.52161
40343,福岡県,糟屋郡志免町,33.58889,130.47626
40344,福岡県,糟屋郡須恵町,33.58829,130.50801
40345,福岡県,糟屋郡新宮町,33.70654,130.44641
40348,福岡県,糟屋郡久山町,33.66344,130.52195
40349,福岡県,糟屋郡粕屋町,33.61517,130.47345
40381,福岡県,遠賀郡芦屋町,33.89267,130.66737
40382,福岡県,遠賀郡水巻町,33.85107,130.69412
40383,福岡県,遠賀郡岡垣町,33.84942,130.62036
40384,福岡県,遠賀郡遠賀町,33.84896,130.668
40401,福岡県,鞍手郡小竹町,33.71223,130.7056
40402,福岡県,鞍手郡鞍手町,33.7975,130.67765
40421,福岡県,嘉穂郡桂川町,33.58707,130.67548
40447,福岡県,朝倉郡筑前町,33.45142,130.61638
40448,福岡県,朝倉郡東峰村,33.42689,130.85894
40503,福岡県,三井郡大刀洗町,33.37626,130.61106
40522,福岡県,三潴郡大木町,33.20899,130.43916
40544,福岡県,八女郡広川町,33.24889,130.55516
40601,福岡県,田川郡香春町,33.66955,130.85426
40602,福岡県,田川郡添田町,33.53159,130.86541
40604,福岡県,田川郡糸田町,33.65543,130.78117
40605,福岡県,田川郡川崎町,33.60644,130.814
40608,福岡県,田川郡大任町,33.61321,130.85199
40609,福岡県,田川郡赤村,33.59935,130.8794
40610,福岡県,田川郡福智町,33.69573,130.77984
40621,福岡県,京都郡苅田町,33.76649,130.97695
40625,福岡県,京都郡みやこ町,33.66346,130.94806
40642,福岡県,築上郡吉富町,33.60464,131.16719
40646,福岡県,築上郡上毛町,33.56806,131.15552
40647,福岡県,築上郡築上町,33.64335,131.03028
41201,佐賀県,佐賀市,33.26044,130.29112
41202,佐賀県,唐津市,33.44318,129.96616
41203,佐賀県,鳥栖市,33.37589,130.51182
41204,佐賀県,多久市,33.26708,130.12245
41205,佐賀県,伊万里市,33.30161,129.884
41206,佐賀県,武雄市,33.19813,130.01388
41207,佐賀県,鹿島市,33.09829,130.10556
41208,佐賀県,小城市,33.27007,130.20771
41209,佐賀県,嬉野市,33.09972,130.0025
41210,佐賀県,神埼市,33.2986,130.37008
41327,佐賀県,神埼郡吉野ヶ里町,33.33234,130.3998
41341,佐賀県,三養基郡基山町,33.43158,130.53093
41345,佐賀県,三養基郡上峰町,33.3169,130.42065
41346,佐賀県,三養基郡みやき町,33.31215,130.44478
41387,佐賀県,東松浦郡玄海町,33.47496,129.86812
41401,佐賀県,西松浦郡有田町,33.19034,129.87691
41423,佐賀県,杵島郡大町町,33.21843,130.11322
41424,佐賀県,杵島郡江北町,33.21303,130.15237
41425,佐賀県,杵島郡白石町,33.16967,130.13346
41441,佐賀県,藤津郡太良町,32.98038,130.18647
42201,長崎県,長崎市,32.7533,129.86591
42202,長崎県,佐世保市,33.18129,129.72148
42203,長崎県,島原市,32.78657,130.3625
42204,長崎県,諫早市,32.84795,130.05848
42205,長崎県,大村市,32.92611,129.95941
42207,長崎県,平戸市,33.33796,129.50463
42208,長崎県,松浦市,33.3634,129.7387
42209,長崎県,対馬市,34.36813,129.30806
42210,長崎県,壱岐市,33.78123,129.71502
42211,長崎県,五島市,32.69213,128.81226
42212,長崎県,西海市,33.00351,129.68083
42213,長崎県,雲仙市,32.82709,130.23073
42214,長崎県,南島原市,32.66806,130.26442
42307,長崎県,西彼杵郡長与町,32.82108,129.87922
42308,長崎県,西彼杵郡時津町,32.83265,129.84133
42321,長崎県,東彼杵郡東彼杵町,33.03493,129.95146
42322,長崎県,東彼杵郡川棚町,33.07396,129.8621
42323,長崎県,東彼杵郡波佐見町,33.12588,129.8962
42383,長崎県,北松浦郡小値賀町,33.20127,129.05318
42391,長崎県,北松浦郡佐々町,33.245,129.65884
42411,長崎県,南松浦郡新上五島町,32.96116,129.07458
43101,熊本県,熊本市中央区,32.79666,130.7113
43102,熊本県,熊本市東区,32.80146,130.7686
43103,熊本県,熊本市西区,32.78413,130.67019
43104,熊本県,熊本市南区,32.75426,130.69041
43105,熊本県,熊本市北区,32.85182,130.72266
43202,熊本県,八代市,32.50661,130.60845
43203,熊本県,人吉市,32.21178,130.7567
43204,熊本県,荒尾市,32.98712,130.45177
43205,熊本県,水俣市,32.20741,130.40267
43206,熊本県,玉名市,32.92302,130.55921
43208,熊本県,山鹿市,33.0128,130.70434
43210,熊本県,菊池市,32.96969,130.80107
43211,熊本県,宇土市,32.68456,130.65929
43212,熊本県,上天草市,32.49087,130.41584
43213,熊本県,宇城市,32.63038,130.68416
43214,熊本県,阿蘇市,32.95193,131.08401
43215,熊本県,天草市,32.45036,130.18452
43216,熊本県,合志市,32.89458,130.76983
43348,熊本県,下益城郡美里町,32.6216,130.8417
43364,熊本県,玉名郡玉東町,32.91384,130.62713
43367,熊本県,玉名郡南関町,33.03527,130.5429
43368,熊本県,玉名郡長洲町,32.92246,130.46427
43369,熊本県,玉名郡和水町,33.00986,130.61588
43403,熊本県,菊池郡大津町,32.87699,130.88569
43404,熊本県,菊池郡菊陽町,32.86062,130.78609
43423,熊本県,阿蘇郡南小国町,33.07149,131.07424
43424,熊本県,阿蘇郡小国町,33.13522,131.08155
43425,熊本県,阿蘇郡産山村,33.00581,131.20843
43428,熊本県,阿蘇郡高森町,32.82825,131.21837
43432,熊本県,阿蘇郡西原村,32.82764,130.92079
43433,熊本県,阿蘇郡南阿蘇村,32.84835,131.05521
43441,熊本県,上益城郡御船町,32.72081,130.80353
43442,熊本県,上益城郡嘉島町,32.74273,130.74881
43443,熊本県,上益城郡益城町,32.79421,130.82411
43444,熊本県,上益城郡甲佐町,32.66799,130.8084
43447,熊本県,上益城郡山都町,32.69039,131.0489
43468,熊本県,八代郡氷川町,32.56691,130.68209
43482,熊本県,葦北郡芦北町,32.30287,130.52812
43484,熊本県,葦北郡津奈木町,32.2311,130.45583
43501,熊本県,球磨郡錦町,32.21956,130.84016
43505,熊本県,球磨郡多良木町,32.23936,130.95928
43507,熊本県,球磨郡水上村,32.33759,131.0172
43510,熊本県,球磨郡相良村,32.26746,130.81759
43511,熊本県,球磨郡五木村,32.42152,130.79607
43512,熊本県,球磨郡山江村,32.31014,130.76814
43513,熊本県,球磨郡球磨村,32.2702,130.65127
43514,熊本県,球磨郡あさぎり町,32.22715,130.89755
43531,熊本県,天草郡苓北町,32.49478,130.05779
44201,大分県,大分市,33.23087,131.63073
44202,大分県,別府市,33.29326,131.49192
44203,大分県,中津市,33.57379,131.19218
44204,大分県,日田市,33.31702,130.9369
44205,大分県,佐伯市,32.95701,131.89654
44206,大分県,臼杵市,33.09642,131.75595
44207,大分県,津久見市,33.07537,131.85777
44208,大分県,竹田市,32.95839,131.32968
44209,大分県,豊後高田市,33.5587,131.49347
44210,大分県,杵築市,33.43499,131.58438
44211,大分県,宇佐市,33.4748,131.34026
44212,大分県,豊後大野市,32.98999,131.51276
44213,大分県,由布市,33.2031,131.4488
44214,大分県,国東市,33.5503,131.67834
44322,大分県,東国東郡姫島村,33.72691,131.66387
44341,大分県,速見郡日出町,33.3726,131.53108
44461,大分県,玖珠郡九重町,33.22364,131.18934
44462,大分県,玖珠郡玖珠町,33.29601,131.14397
45201,宮崎県,宮崎市,31.91351,131.42005
45202,宮崎県,都城市,31.74141,131.07122
45203,宮崎県,延岡市,32.57899,131.66993
45204,宮崎県,日南市,31.59535,131.37801
45205,宮崎県,小林市,31.98675,130.99457
45206,宮崎県,日向市,32.42286,131.6305
45207,宮崎県,串間市,31.46239,131.2314
45208,宮崎県,西都市,32.10858,131.40377
45209,宮崎県,えびの市,32.04767,130.80993
45341,宮崎県,北諸県郡三股町,31.7372,131.11339
45361,宮崎県,西諸県郡高原町,31.93578,131.00692
45382,宮崎県,東諸県郡国富町,31.99721,131.323
45383,宮崎県,東諸県郡綾町,32.00446,131.24036
45401,宮崎県,児湯郡高鍋町,32.12886,131.52074
45402,宮崎県,児湯郡新富町,32.0681,131.4911
45403,宮崎県,児湯郡西米良村,32.2566,131.1623
45404,宮崎県,児湯郡木城町,32.17486,131.42688
45405,宮崎県,児湯郡川南町,32.19692,131.51228
45406,宮崎県,児湯郡都農町,32.25764,131.55005
45421,宮崎県,東臼杵郡門川町,32.47911,131.64967
45429,宮崎県,東臼杵郡諸塚村,32.54352,131.31218
45430,宮崎県,東臼杵郡椎葉村,32.48925,131.158
45431,宮崎県,東臼杵郡美郷町,32.43756,131.38054
45441,宮崎県,西臼杵郡高千穂町,32.74437,131.30775
45442,宮崎県,西臼杵郡日之影町,32.65236,131.40983
45443,宮崎県,西臼杵郡五ヶ瀬町,32.64777,131.2221
46201,鹿児島県,鹿児島市,31.58276,130.53151
46203,鹿児島県,鹿屋市,31.38723,130.85336
46204,鹿児島県,枕崎市,31.27551,130.2986
46206,鹿児島県,阿久根市,32.01771,130.19667
46208,鹿児島県,出水市,32.08981,130.33574
46210,鹿児島県,指宿市,31.23068,130.63541
46213,鹿児島県,西之表市,30.73017,130.99666
46214,鹿児島県,垂水市,31.49019,130.70563
46215,鹿児島県,薩摩川内市,31.82485,130.30526
46216,鹿児島県,日置市,31.62897,130.3847
46217,鹿児島県,曽於市,31.64872,131.00519
46218,鹿児島県,霧島市,31.75071,130.7594
46219,鹿児島県,いちき串木野市,31.7179,130.27276
46220,鹿児島県,南さつま市,31.42211,130.32234
46221,鹿児島県,志布志市,31.48989,131.08612
46222,鹿児島県,奄美市,28.38181,129.50223
46223,鹿児島県,南九州市,31.36764,130.40935
46224,鹿児島県,伊佐市,32.04634,130.6108
46225,鹿児島県,姶良市,31.74327,130.61715
46303,鹿児島県,鹿児島郡三島村,30.81009,130.29334
46304,鹿児島県,鹿児島郡十島村,29.66186,129.57047
46392,鹿児島県,薩摩郡さつま町,31.91443,130.45485
46404,鹿児島県,出水郡長島町,32.18007,130.16193
46452,鹿児島県,姶良郡湧水町,31.97989,130.72247
46468,鹿児島県,曽於郡大崎町,31.44327,131.00132
46482,鹿児島県,肝属郡東串良町,31.37899,130.97189
46490,鹿児島県,肝属郡錦江町,31.23348,130.87285
46491,鹿児島県,肝属郡南大隅町,31.14678,130.77366
46492,鹿児島県,肝属郡肝付町,31.33275,130.96297
46501,鹿児島県,熊毛郡中種子町,30.52867,130.95616
46502,鹿児島県,熊毛郡南種子町,30.40921,130.9031
46505,鹿児島県,熊毛郡屋久島町,30.31969,130.53048
46523,鹿児島県,大島郡大和村,28.33808,129.35503
46524,鹿児島県,大島郡宇検村,28.26041,129.24202
46525,鹿児島県,大島郡瀬戸内町,28.1528,129.27907
46527,鹿児島県,大島郡龍郷町,28.42208,129.58895
46529,鹿児島県,大島郡喜界町,28.3244,129.96783
46530,鹿児島県,大島郡徳之島町,27.76756,128.99558
46531,鹿児島県,大島郡天城町,27.81154,128.90783
46532,鹿児島県,大島郡伊仙町,27.70723,128.9428
46533,鹿児島県,大島郡和泊町,27.39532,128.63266
46534,鹿児島県,大島郡知名町,27.36313,128.57605
46535,鹿児島県,大島郡与論町,27.04167,128.43455
47201,沖縄県,那覇市,26.21516,127.69141
47205,沖縄県,宜野湾市,26.27232,127.75655
47207,沖縄県,石垣市,24.38254,124.17259
47208,沖縄県,浦添市,26.24832,127.71331
47209,沖縄県,名護市,26.59713,127.98591
47210,沖縄県,糸満市,26.12363,127.6769
47211,沖縄県,沖縄市,26.33446,127.81361
47212,沖縄県,豊見城市,26.17775,127.67925
47213,沖縄県,うるま市,26.37204,127.85125
47214,沖縄県,宮古島市,24.75978,125.30235
47215,沖縄県,南城市,26.16544,127.79091
47301,沖縄県,国頭郡国頭村,26.75197,128.23023
47302,沖縄県,国頭郡大宜味村,26.67617,128.13249
47303,沖縄県,国頭郡東村,26.62775,128.15918
47306,沖縄県,国頭郡今帰仁村,26.68746,127.96961
47308,沖縄県,国頭郡本部町,26.66956,127.89861
47311,沖縄県,国頭郡恩納村,26.46424,127.83072
47313,沖縄県,国頭郡宜野座村,26.49454,127.96607
47314,沖縄県,国頭郡金武町,26.46459,127.8833
47315,沖縄県,国頭郡伊江村,26.71919,127.77072
47324,沖縄県,中頭郡読谷村,26.39607,127.74234
47325,沖縄県,中頭郡嘉手納町,26.36042,127.75541
47326,沖縄県,中頭郡北谷町,26.31847,127.76136
47327,沖縄県,中頭郡北中城村,26.30435,127.79957
47328,沖縄県,中頭郡中城村,26.26406,127.78579
47329,沖縄県,中頭郡西原町,26.23143,127.76054
47348,沖縄県,島尻郡与那原町,26.20194,127.75646
47350,沖縄県,島尻郡南風原町,26.19331,127.72826
47353,沖縄県,島尻郡渡嘉敷村,26.2043,127.36128
47354,沖縄県,島尻郡座間味村,26.23056,127.29179
47355,沖縄県,島尻郡粟国村,26.58651,127.23139
47356,沖縄県,島尻郡渡名喜村,26.36583,127.14623
47357,沖縄県,島尻郡南大東村,25.83679,131.23996
47358,沖縄県,島尻郡北大東村,25.94287,131.29537
47359,沖縄県,島尻郡伊平屋村,27.03622,127.9568
47360,沖縄県,島尻郡伊是名村,26.93812,127.94097
47361,沖縄県,島尻郡久米島町,26.35274,126.76973
47362,沖縄県,島尻郡八重瀬町,26.13736,127.72453
47375,沖縄県,宮古郡多良間村,24.65776,124.69568
47381,沖縄県,八重山郡竹富町,24.32205,123.87814
47382,沖縄県,八重山郡与那国町,24.45593,122.98768
